review_id	review	created_at	sentiment_score	sentiment_label	relevansi	category	sub_category	reason	is_positive
Ci9DQUlRQUNvZENodHljRjlvT2todGRrVnVZbWxhTTA1YWVqVTVjREo2TkZGdVdXYxAB	Lahh ini gimana sihh vinfast sama Quality control nya, masa sasis sebelah kiri ga di Las, + mobil belok ke kiri terus padahal di sporing juga udahh, mau di benerin di dealer nya, ngomong belum ada alat nga, padahal tinggal di Las doang. Dahh Lah kapok Beli Vietnam ini, QULITASNYAN JELEK	2026-08-19 15:27:35	1	Sangat Negatif	True	Kualitas Produk & Performa	Masalah Teknis/Kerusakan	Ulasan mengeluhkan kualitas kontrol produk yang buruk, sasis tidak dilas, serta layanan purna jual dealer yang belum siap.	Negative
Ci9DQUlRQUNvZENodHljRjlvT2xGb1VEQldOMmRJVUhGdU1EWkpkVkpsWWpKU1pYYxAB	akses ke gudangnya sempit tapi area gudang sangat luass	2026-08-19 15:27:35	3	Netral	True	Harga & Bisnis Perusahaan	Perizinan & Keberadaan Pabrik/Perusahaan	Ulasan memberikan deskripsi objektif mengenai kondisi fisik akses dan luas area gudang pabrik.	Positive
Ci9DQUlRQUNvZENodHljRjlvT2tWQ1VrbE5XV2xGUVdweVdETjRZWFE1WkhkS0xYYxAB	perijinan untuk akses keluar masuk proyek terlalu dipersulit. terlebih dari pihak manajemen yang terlalu sibuk dan tidak adanya perwakilan untuk mengurus surat perijinan yang semakin mempersulit pengurusan surat keluar masuk lokasi proyek	2026-08-19 15:27:35	1	Sangat Negatif	True	Harga & Bisnis Perusahaan	Perizinan & Keberadaan Pabrik/Perusahaan	Mengeluhkan hambatan birokrasi dan manajemen terkait izin keluar masuk lokasi proyek pabrik.	Negative
Ci9DQUlRQUNvZENodHljRjlvT205Uk5tSk9ObWd6VTFSYVRuZFJWV2czWTA1SWJGRRAB	Kehadiran Pabrik Mobil Listrik merk Vinfast di Indonesia akan menjadi perusahaan ini maju dan berkembang pesat. Teknologi dan inovasi pada kendaraan roda 4 dan roda 2 yang disajikan sangat luar biasa. Harapan besar saya Vinfast selalu berada didepan...Bravo Vinfast 💪💪💪 …	2026-08-19 15:27:35	5	Sangat Positif	True	Harga & Bisnis Perusahaan	Perizinan & Keberadaan Pabrik/Perusahaan	Apresiasi dan antusiasme sangat tinggi terhadap kehadiran pabrik serta teknologi inovatif VinFast.	Positive
Ci9DQUlRQUNvZENodHljRjlvT21nNVkxQm1TazFpVEZObVRqSXphM3BoWTBaMFRYYxAB	Info min katanya ada proyek pemagaran,.sayaau ambil urugannya	2026-08-19 15:27:35	3	Netral	True	Harga & Bisnis Perusahaan	Perizinan & Keberadaan Pabrik/Perusahaan	Pertanyaan netral mengenai informasi proyek konstruksi pemagaran dan urugan pabrik.	Positive
Ci9DQUlRQUNvZENodHljRjlvT2pKTmVsbGZhVEpzUTJSSFVtWTBabUpLY25wUlZWRRAB	Semoga perusahan ini makin sukses dan produknya di terima olah masyarakat Indonesia 🤲 …	2026-08-19 15:27:35	5	Sangat Positif	True	Harga & Bisnis Perusahaan	Perizinan & Keberadaan Pabrik/Perusahaan	Doa dan harapan yang sangat positif bagi kesuksesan perusahaan dan produknya di Indonesia.	Positive
Ci9DQUlRQUNvZENodHljRjlvT2tGcFIxa3paVGhTWm1KMGR6QnNhVmRSVWtvMGQxRRAB	Ree schedule pupuk kujang	2026-08-19 15:27:35	0	Tidak Relevan	False	Non-Konteks & Spam	Komentar Acak / Spam	Komentar mengenai jadwal pupuk tidak memiliki relevansi dengan VinFast atau otomotif.	Irrelevant
Ci9DQUlRQUNvZENodHljRjlvT2pOUGFrUXRhbkZZZW1sNVNUUTRUQzE1V0Zwd1pVRRAB	Perusahaan Mobil listrik ternama yang berkantor pusat di Vietnam, semoga bisa banyak di kenal oleh masyarakat 😇 …	2026-08-19 15:27:35	4	Positif	True	Harga & Bisnis Perusahaan	Perizinan & Keberadaan Pabrik/Perusahaan	Tanggapan positif dan harapan agar brand VinFast semakin dikenal luas di Indonesia.	Positive
Ci9DQUlRQUNvZENodHljRjlvT2xkeWRFNWFWekJWV0dkZlNYVk9XaTF0VWtwNFJXYxAB	Belum kepanggil aja udah ngeweb lama, pdhl ex Daihatsu. Semoga cepet kepanggil dan ada rejekinya disni	2026-08-19 15:27:35	3	Netral	True	Harga & Bisnis Perusahaan	Lowongan Kerja & Rekrutmen	Pengalaman dan harapan pelamar terkait proses seleksi lowongan pekerjaan.	Positive
Ci9DQUlRQUNvZENodHljRjlvT20xUWJYUnhabXBsT1dKT04zTnlOMWRxVkc4M1ZWRRAB	Vinfast lokernya buka dmna yah?	2026-08-19 15:27:35	3	Netral	True	Harga & Bisnis Perusahaan	Lowongan Kerja & Rekrutmen	Pertanyaan netral mengenai informasi lokasi atau kanal pendaftaran lowongan kerja VinFast.	Positive
Ci9DQUlRQUNvZENodHljRjlvT21kcFVuZzJjSFJIWjNCSFNHUjVlbTVOZHpORVYxRRAB	Info loker untuk yang di luar daerah jawa	2026-08-19 15:27:35	3	Netral	True	Harga & Bisnis Perusahaan	Lowongan Kerja & Rekrutmen	Menanyakan ketersediaan lowongan pekerjaan untuk daerah di luar Pulau Jawa.	Positive
Ci9DQUlRQUNvZENodHljRjlvT25sdWFrOWpVVk5UTkVVMlUyRXdiblZQWjJOUlZIYxAB	Kapan ya dealer vinfast ada di Kalsel Banjarmasin	2026-08-19 15:27:35	3	Netral	True	Harga & Bisnis Perusahaan	Perizinan & Keberadaan Pabrik/Perusahaan	Pertanyaan mengenai kapan ekspansi dealer VinFast dibuka di Banjarmasin.	Positive
Ci9DQUlRQUNvZENodHljRjlvT2t4ZmNqaHpWRk5HT0ZKNlFqSkNVVkJNUzJjM1IwRRAB	Info loker nya dong	2026-08-19 15:27:35	3	Netral	True	Harga & Bisnis Perusahaan	Lowongan Kerja & Rekrutmen	Permintaan informasi umum mengenai rekrutmen atau lowongan kerja.	Positive
ChdDSUhNMG9nS0VJQ0FnSURmeFoyOGpBRRAB	Keren Vinfast	2026-08-19 15:27:35	5	Sangat Positif	True	Kualitas Produk & Performa	Desain & Fitur Mobil	Pujian singkat yang menunjukkan impresi sangat positif terhadap brand VinFast.	Positive
Ci9DQUlRQUNvZENodHljRjlvT25FNVVGcEtaa3hPUlZGVVZHTlNhSFpGVkZWTGIzYxAB	Minta link atau web nya dong	2026-08-19 15:27:35	3	Netral	True	Pelayanan & Sales	Proses Pembelian & Dokumen	Permintaan link atau situs web resmi perusahaan.	Positive
Ci9DQUlRQUNvZENodHljRjlvT2pSSkxYSlVaMFV4VEd0NFkwZFlhMDlUWmxaV1RHYxAB	Perusahaan yang luar biasa	2026-08-19 15:27:35	5	Sangat Positif	True	Harga & Bisnis Perusahaan	Perizinan & Keberadaan Pabrik/Perusahaan	Pujian tinggi terhadap reputasi dan profil perusahaan VinFast.	Positive
Ci9DQUlRQUNvZENodHljRjlvT2tveWVHSm9WWGhRU1VacldIQnNPR3RQYUdrdFZtYxAB	Semoga rezeki disini	2026-08-19 15:27:35	4	Positif	True	Harga & Bisnis Perusahaan	Lowongan Kerja & Rekrutmen	Harapan positif dari pencari kerja untuk bisa bekerja di perusahaan.	Positive
Ci9DQUlRQUNvZENodHljRjlvT2xnMVppMDVOMGxmTm1SVE5GcHJNVzEwVEhsak1IYxAB	Bismillah semoga ada rezeki di sini aamiin	2026-08-19 15:27:35	4	Positif	True	Harga & Bisnis Perusahaan	Lowongan Kerja & Rekrutmen	Ungkapan doa dan harapan positif agar diterima bekerja di VinFast.	Positive
Ci9DQUlRQUNvZENodHljRjlvT2tOTmRuSlpSbGhrYlVsVE4xcEpSV2hSZGpsd1dIYxAB	Pabriknya Vinfast apa sdh berdiri ya..	2026-08-19 15:27:35	3	Netral	True	Harga & Bisnis Perusahaan	Perizinan & Keberadaan Pabrik/Perusahaan	Pertanyaan netral mengenai keberadaan dan status pembangunan pabrik VinFast.	Positive
Ci9DQUlRQUNvZENodHljRjlvT21WUlUyYzFVelpxT0ZGS00zaHZXVmxuVTBST09GRRAB	Perusahaan besar automotif	2026-08-19 15:27:35	4	Positif	True	Harga & Bisnis Perusahaan	Perizinan & Keberadaan Pabrik/Perusahaan	Pernyataan positif yang mengakui VinFast sebagai perusahaan otomotif skala besar.	Positive
Ci9DQUlRQUNvZENodHljRjlvT2prNFJHNWhWelYyWkVaS2NrbHlSSFpETTBWSlNtYxAB	Semoga rezeki disini🤲 …	2026-08-19 15:28:00	3	Netral	True	Harga & Bisnis Perusahaan	Lowongan Kerja & Rekrutmen	Ulasan berisi doa/harapan untuk mendapatkan rezeki atau pekerjaan di lokasi tersebut.	Irrelevant
Ci9DQUlRQUNvZENodHljRjlvT2tGVlZtMTVWMVZtZG1OdmVYVlpUMlZzZFVsbldWRRAB	Bismillah	2026-08-19 15:28:00	3	Netral	False	Non-Konteks & Spam	Komentar Acak / Spam	Komentar singkat berupa kata Bismillah tanpa memberikan ulasan produk atau pelayanan.	Irrelevant
Ci9DQUlRQUNvZENodHljRjlvT21FeWQxcDVkbmhIVWpoWFZqUTBXbGRuZFhWVGFHYxAB	"TERUNTUK SATPAM YANG ADA DI JALAN BARU, YANG JAGA PADA KAMIS, 23 JULI 2026 JAM 17:40 JANGAN TEBANFG PILIH KALO MAU IKUTIN PERATURAN, KALO GAK BISA DI LALUI YA GAK BISA SEMUA, JANGAN DI SESUAIKAN SAMA WARNA HELM!!!!
PERATURAN KO DILANGGAR SENDIRI KOCAK🤣 …"	2026-08-19 15:28:00	1	Sangat Negatif	True	Pelayanan & Sales	Keramahan & Respon Staf	Keluhan dan kemarahan konsumen terhadap sikap satpam yang dinilai tebang pilih dan tidak adil dalam menerapkan aturan.	Negative
Ci9DQUlRQUNvZENodHljRjlvT25aV1JHVXdlVWxrZVdWbU9XOXFSamQ1TlZsdlZtYxAB	Tempatnya strategis	2026-08-19 15:28:00	4	Positif	True	Purna Jual & Fasilitas	Kebersihan & Kenyamanan Showroom	Apresiasi singkat terhadap lokasi showroom yang strategis.	Positive
Ci9DQUlRQUNvZENodHljRjlvT2tzNFZ6SlRNWGd3VDBNM1NYTmlYemxqWkZaaVNuYxAB	Apakah Anda membutuhkan terjemahan bahasa Mandarin-Inggris?	2026-08-19 15:28:00	0	Tidak Relevan	False	Non-Konteks & Spam	Komentar Acak / Spam	Tawaran jasa penerjemah bahasa yang out of context dan tidak relevan dengan dealer mobil.	Irrelevant
Ci9DQUlRQUNvZENodHljRjlvT2xad2VVaDFOVlJFY2pocGJrNUxTVko1VGxkcGNWRRAB	Dukung proyek baru mobil listrik dari Vietnam	2026-08-19 15:28:00	4	Positif	True	Harga & Bisnis Perusahaan	Perizinan & Keberadaan Pabrik/Perusahaan	Memberikan dukungan positif pada proyek mobil listrik VinFast.	Positive
Ci9DQUlRQUNvZENodHljRjlvT25kNFlYVm1kbXRUU0hZNVVFcDVNemRtT0V0UlMyYxAB	Dukung Vinfast 😉 …	2026-08-19 15:28:00	4	Positif	True	Harga & Bisnis Perusahaan	Perizinan & Keberadaan Pabrik/Perusahaan	Pernyataan singkat berisi dukungan kepada VinFast.	Positive
Ci9DQUlRQUNvZENodHljRjlvT2xWbk5tSkdRa3RSWTBoMmEwVlRUVVpvY0hveE4yYxAB	VINFAST GO	2026-08-19 15:28:00	4	Positif	True	Harga & Bisnis Perusahaan	Perizinan & Keberadaan Pabrik/Perusahaan	Sorakan antusias dalam mendukung merek VinFast.	Positive
ChZDSUhNMG9nS0VJQ0FnSUR2aXZhSFpREAE	"Mobil listrik ternyaman
dan harganya oke banget nih
setelah test drive jadi langsung gak pake lama booking fee …"	2026-08-19 15:28:00	5	Sangat Positif	True	Pelayanan & Sales	Layanan Test Drive	Pengalaman test drive yang sangat memuaskan dari segi kenyamanan dan harga hingga konsumen langsung bayar booking fee.	Positive
Ci9DQUlRQUNvZENodHljRjlvT2t4dk1XUkZlRVIwZGxvMFRXUTNlbkZRU0RVNE9WRRAB	Pelayanan oke yaa, Terimakasih Ko Fandi dan Tim nya, mobil nya dari proses sampai penyerahan pelayanan nya oke banget, sukses selalu 👍 …	2026-08-19 15:28:00	5	Sangat Positif	True	Pelayanan & Sales	Keramahan & Respon Staf	Pujian atas pelayanan sales dan tim dari awal proses pembelian hingga penyerahan unit mobil.	Positive
ChZDSUhNMG9nS0VJQ0FnSUR2ejRuS0NnEAE	gile keren banget pelayanan terbaik dari dealer vinfast pantai indah kapuk, yang mau test drive bisa dateng ke sini pelayanan terbaik	2026-08-19 15:28:00	5	Sangat Positif	True	Pelayanan & Sales	Layanan Test Drive	Pujian terhadap pelayanan terbaik di dealer VinFast PIK dan rekomendasi untuk melakukan test drive.	Positive
ChZDSUhNMG9nS0VJQ0FnSUNmM3ZLTlZ3EAE	After sales nya top markotop👍🏻, saya sempat delay arrival tetap dilayani sepenuh hati sampai dengan selesai, sukses terus & jaga mutu pelayanannya yaa 🙏🏻 …	2026-08-19 15:28:00	5	Sangat Positif	True	Purna Jual & Fasilitas	Servis & Sparepart	Sangat puas dengan layanan purna jual dan kelapangan dada staf yang tetap melayani dengan baik walau pelanggan terlambat.	Positive
ChZDSUhNMG9nS0VQV3NsX0duaGZTUmVBEAE	"L 1218 PRM

BRAKE SENSOR AKTIF KETIKA JALAN !!!!!!! …"	2026-08-19 15:28:00	1	Sangat Negatif	True	Kualitas Produk & Performa	Masalah Teknis/Kerusakan	Keluhan terkait masalah teknis mendasar di mana sensor rem mendadak aktif saat kendaraan sedang melaju.	Negative
ChdDSUhNMG9nS0VJQ0FnSURmdVo2NzBRRRAB	"akhirnya keluar juga ni mobil listrik VF3 stir kanan lho denger"" di lounching d iims kemahoran februari 2025,
Terima kasih Vinfast Pantai Indah kapuk"	2026-08-19 15:28:00	5	Sangat Positif	True	Kualitas Produk & Performa	Desain & Fitur Mobil	Antusiasme dan respon positif menyambut peluncuran unit VF3 setir kanan di Indonesia.	Positive
ChZDSUhNMG9nS0VJQ0FnSUN2aVk3VVR3EAE	Pelayanan dari staff Dan para marketingnya disini sangat  baik..tetap dilayani dengan sabar walau baru sekedar cari2 informasi tentang Mobil listrik asal Vietnam ini..sangat memuaskan lah pelayanannya..	2026-08-19 15:28:00	5	Sangat Positif	True	Pelayanan & Sales	Keramahan & Respon Staf	Pujian terhadap kesabaran dan keramahan staf serta tim marketing melayani pertanyaan calon konsumen.	Positive
ChZDSUhNMG9nS0VJQ0FnSUN2aVpERkJnEAE	Terima kasih VinFast PIK , akhirnya mobil saya sampai juga , pelayanan terbaik , fast respon sampai delivery , thank you sekali lagi , yang mau beli mobil VinFast beli nya harus di VinFast PIK , saya jamin tidak akan mengecewakan	2026-08-19 15:28:00	5	Sangat Positif	True	Pelayanan & Sales	Proses Pembelian & Dokumen	Sangat puas dengan pelayanan yang cepat, komunikatif, dan responsif hingga mobil dikirimkan ke rumah.	Positive
ChZDSUhNMG9nS0VJQ0FnSUN2OGRlOVlnEAE	"Akhirnya sampai juga Mobil listrik harga terbaik dan sangat ekonomis, ada pilihan sewa battery juga , pelayanan memuaskan
Terima kasih Vinfast Pantai Indah Kapuk"	2026-08-19 15:28:00	5	Sangat Positif	True	Harga & Bisnis Perusahaan	Harga Mobil & Promo	Apresiasi atas harga mobil listrik yang ekonomis, ketersediaan skema sewa baterai, dan pelayanan yang memuaskan.	Positive
ChdDSUhNMG9nS0VJQ0FnSUN2enR1Q25BRRAB	Semua sales berpengetahuan baik tentang mobil listrik, sangat helpful, ada unit test drive VF5 dan VFE34 juga, saya dilayani dengan baik disini.	2026-08-19 15:28:00	5	Sangat Positif	True	Pelayanan & Sales	Pengetahuan Produk (Sales)	Pujian pada sales yang menguasai informasi produk mobil listrik dengan baik serta penyediaan unit test drive yang lengkap.	Positive
ChZDSUhNMG9nS0VJQ0FnSUNmeE5UQ0h3EAE	"Akhirnya mobil impian sudah mendarat aman di rumah, Terima Kasih VinFast PIk

Lokasi Strategis, Pelayanan Ramah dan informatif, terutama Ko Fandy …"	2026-08-19 15:28:00	5	Sangat Positif	True	Pelayanan & Sales	Keramahan & Respon Staf	Kepuasan pelanggan atas pelayanan yang ramah, informatif, lokasi strategis, dan kelancaran pengiriman unit mobil.	Positive
ChZDSUhNMG9nS0VJQ0FnSUNmeTZ2elV3EAE	"Test drive mobil listrik Vietnam Vinfast namanya, nyaman banget, bebas ganjil genap, akhinya pilih mobil listik vinfast, kenyamanan juga mantap banget
Terima Kasih Delaer Mobil listrik Vinfast Pantai Indah Kapuk PIK"	2026-08-19 15:28:00	5	Sangat Positif	True	Pelayanan & Sales	Layanan Test Drive	Pengalaman test drive yang sangat berkesan dan nyaman hingga memantapkan keputusan konsumen untuk membeli mobil.	Positive
ChdDSUhNMG9nS0VJQ0FnSURmbmJIcjNRRRAB	"Pelayanan Terbaik dari dealer Mobil Listrik Vinfast PIK Jakarta utara
habis test drive mobil listrik
langsung booooking gak pake lama
nayaman banget mobilnya"	2026-08-19 15:28:26	5	Sangat Positif	True	Pelayanan & Sales	Layanan Test Drive	Ulasan memuji pelayanan terbaik, pengalaman test drive yang nyaman, dan keputusan langsung melakukan booking.	Positive
ChZDSUhNMG9nS0VJQ0FnSUNfcUliOE13EAE	"Mantap ni setelah test drive di Vinfast Pantai Indah Kapuk
gak pake lama kita booking aja nich Vinfast VF5 dengan sistem sewa battery"	2026-08-19 15:28:26	5	Sangat Positif	True	Pelayanan & Sales	Layanan Test Drive	Pengguna merasa puas setelah melakukan test drive dan langsung melakukan booking unit VF5.	Positive
ChZDSUhNMG9nS0VJQ0FnSUNmZ09hUE53EAE	gak pake lama langsung booking Mobil listrik Vinfast di Vinfast PIK Pantai indah kapuk, harga mobil listriknya murah banget, pelayanan juga baik dari sales mobil vinfast nya	2026-08-19 15:28:26	5	Sangat Positif	True	Pelayanan & Sales	Keramahan & Respon Staf	Ulasan memberikan pujian pada pelayanan sales yang baik serta harga mobil yang sangat murah.	Positive
ChdDSUhNMG9nS0VJQ0FnSUN2enZ2US1RRRAB	Kemarin kesini, seluruh Staff dan salesnya baik hati, best experience with car dealer ever!	2026-08-19 15:28:26	5	Sangat Positif	True	Pelayanan & Sales	Keramahan & Respon Staf	Pengguna merasa seluruh staf dan sales sangat baik hati dan memberikan pengalaman dealer mobil terbaik.	Positive
ChdDSUhNMG9nS0VJQ0FnSUN2aWNiTGp3RRAB	"Akhirnya bisa punya vinfast vf5
mobil listrik paling mantap, edukasinya juga baik jadi bebas kwatir dech pakai mobil listrik
terima Kasih Vinfast PIK"	2026-08-19 15:28:26	5	Sangat Positif	True	Pelayanan & Sales	Pengetahuan Produk (Sales)	Pengguna puas dengan edukasi produk yang diberikan sales sehingga merasa aman dan bebas khawatir menggunakan mobil listrik.	Positive
ChdDSUhNMG9nS0VJQ0FnSUN2aWVqRnZRRRAB	Wah suprise bgt VINFAST PIK , beli mobil di kasih bonus air minum Cleo , mantap pelayanan terbaik !!!	2026-08-19 15:28:26	5	Sangat Positif	True	Pelayanan & Sales	Keramahan & Respon Staf	Pengguna mengapresiasi kejutan bonus dan memuji pelayanan terbaik dealer.	Positive
ChZDSUhNMG9nS0VJQ0FnSUNmeThQaGV3EAE	"Terima kasih Showroom Mobil Listrik pantai indah kapuk
mendarat sudah Vinfast VFe34 mobil listrik ternyaman dan harga ekonomis"	2026-08-19 15:28:26	5	Sangat Positif	True	Kualitas Produk & Performa	Desain & Fitur Mobil	Pengguna puas dengan kenyamanan mobil listrik VFe34 serta harganya yang ekonomis.	Positive
ChdDSUhNMG9nS0VJQ0FnSUR2cjRIWWpBRRAB	Terima kasih untuk dealer mobil listrik vinfast pantai indah kapuk pik jakarta utara, pelayanan terbaik	2026-08-19 15:28:26	5	Sangat Positif	True	Pelayanan & Sales	Keramahan & Respon Staf	Ungkapan terima kasih kepada dealer atas pelayanan terbaik yang diberikan.	Positive
Ci9DQUlRQUNvZENodHljRjlvT2sxVkxVSlBVbWR6TUU5dVFVcEVjVU5ZYlZSVVpGRRAB	Besar	2026-08-19 15:28:26	0	Tidak Relevan	False	Non-Konteks & Spam	Komentar Acak / Spam	Ulasan hanya terdiri dari satu kata tanpa konteks yang jelas terkait produk atau layanan.	Irrelevant
ChdDSUhNMG9nS0VJQ0FnSUR2OU5TRnNnRRAB	Dealernya bagus, nyaman, fast response. Unit ready, pelayanan sales baik.	2026-08-19 15:28:26	5	Sangat Positif	True	Purna Jual & Fasilitas	Kebersihan & Kenyamanan Showroom	Dealer dinilai bagus, nyaman, respons cepat, unit ready, serta pelayanan sales yang baik.	Positive
ChdDSUhNMG9nS0VJQ0FnSUN2N3NIVHRBRRAB	"keren banget mobilnya
harga mobil listrik paling ekonomis
terima kasih Vinfast PIK top markotop"	2026-08-19 15:28:26	5	Sangat Positif	True	Harga & Bisnis Perusahaan	Harga Mobil & Promo	Pujian terhadap kualitas mobil serta penawaran harga mobil listrik yang sangat ekonomis.	Positive
ChZDSUhNMG9nS0VJQ0FnSUN2cllUeVVBEAE	Recomend untuk yg lagi cari mobil listrik,, showroom nya bagus dan para. Seles nya ramah, thanks	2026-08-19 15:28:26	5	Sangat Positif	True	Pelayanan & Sales	Keramahan & Respon Staf	Rekomendasi positif untuk showroom yang bagus dan staf sales yang ramah.	Positive
ChdDSUhNMG9nS0VJQ0FnSUN2dnFPUG53RRAB	Terima kasih Vinfast Pantai Indah Kapuk akhirnya mobil listrik idaman sampai juga, mobil 218 jt ternyaman dan terbaik	2026-08-19 15:28:26	5	Sangat Positif	True	Kualitas Produk & Performa	Desain & Fitur Mobil	Pengguna senang mobil listrik idamannya telah sampai dan menilai mobil tersebut sangat nyaman.	Positive
ChdDSUhNMG9nS0VJQ0FnSUNmN3BfS3N3RRAB	Keren banget mobil listrik dari Vietnam, sukses selalu vinvast PIK pantai indah kapuk	2026-08-19 15:28:26	5	Sangat Positif	True	Kualitas Produk & Performa	Desain & Fitur Mobil	Pujian terhadap kualitas mobil listrik VinFast serta doa kesuksesan untuk showroom.	Positive
ChZDSUhNMG9nS0VJQ0FnSUR2djZqbkdnEAE	"Dealer Vinfast terbaik!
Bersih, nyaman, sales ramah👍🏻 …"	2026-08-19 15:28:26	5	Sangat Positif	True	Purna Jual & Fasilitas	Kebersihan & Kenyamanan Showroom	Dealer dinilai terbaik karena bersih, nyaman, dan salesnya sangat ramah.	Positive
ChZDSUhNMG9nS0VJQ0FnSUNmdE42WUxREAE	Showroom yang sangat terjamin , dari awal pembelian sampai penyerahan kendaraan nya semua ny berjalan dengan baik , and after sales nya bagus banget . Recommended banget showroom ny apalagi kepala cabang ny Bpk  Fandy  Yang look after ke customer ny samgat memuaskan .	2026-08-19 15:28:26	5	Sangat Positif	True	Pelayanan & Sales	Proses Pembelian & Dokumen	Proses dari awal pembelian, penyerahan unit, hingga layanan purna jual dinilai sangat memuaskan.	Positive
ChdDSUhNMG9nS0VMRFd2Yk9rMXFxazFBRRAB	Tertarik tp mau ty apakah Vinfast sudah kerja sama dengan PLN,? Infonya agar dapat harga promo saat pasang baru meteran listrik untuk wall charger	2026-08-19 15:28:26	3	Netral	True	Purna Jual & Fasilitas	Klaim Garansi & Stasiun Cas (Charging)	Pengguna menanyakan informasi mengenai kerja sama dengan PLN untuk pemasangan wall charger.	Irrelevant
ChZDSUhNMG9nS0VJQ0FnSUN2N283TlN3EAE	"akhirnya sampai juga mobil listrik vinfast harga 200 jutaaan
terima kasih Vinfast PIK"	2026-08-19 15:28:26	5	Sangat Positif	True	Harga & Bisnis Perusahaan	Harga Mobil & Promo	Pengguna merasa gembira dan berterima kasih atas penerimaan mobil listrik dengan harga terjangkau.	Positive
ChZDSUhNMG9nS0VJQ0FnSUN2dmZTTmRBEAE	"The Best banget Vinfast VFe34 Hijau, harga mobil listrik yang ekonomis, buat yang mau pesan bisa test drive juga di showroom Vinfast Pantai Indah Kapuk.
Terimakasih Koko & Cici yang sudah membantu saya dan Keluarga 🙏🏼 …"	2026-08-19 15:28:26	5	Sangat Positif	True	Pelayanan & Sales	Keramahan & Respon Staf	Pengguna memuji mobil, harga yang ekonomis, serta bantuan yang ramah dari staf showroom.	Positive
Ci9DQUlRQUNvZENodHljRjlvT2xGbGFWcFZaalJOVGtKQlJVYzRaRzkyUzJ0V1JIYxAB	Showroomnya oke banget, salesnya helpful dan ramah semua. Highly recomended deh pokoknya	2026-08-19 15:28:26	5	Sangat Positif	True	Pelayanan & Sales	Keramahan & Respon Staf	Showroom dinilai sangat oke dan para sales sangat membantu serta ramah.	Positive
ChZDSUhNMG9nS0VJQ0FnSUN2bnZMWWRREAE	"""Lokasi ok, tempatnya bersih dan cukup terawat dengan baik. mungkin next visit akan kesini lag"	2026-08-19 15:29:09	4	Positif	True	Purna Jual & Fasilitas	Kebersihan & Kenyamanan Showroom	Ulasan memuji lokasi yang strategis serta tempat yang bersih dan terawat dengan baik.	Positive
ChZDSUhNMG9nS0VJQ0FnSUR2cjRfU1NBEAE	Pelayanan cukup bagus sales nya sangat profesional menjelaskan tentang fitur mobil listrik dan subsidi battery mobil listrik nya. Sangat recommended ⚡😇 …	2026-08-19 15:29:09	5	Sangat Positif	True	Pelayanan & Sales	Pengetahuan Produk (Sales)	Ulasan memuji pelayanan sales yang profesional dalam menjelaskan fitur dan subsidi baterai mobil listrik.	Positive
ChZDSUhNMG9nS0VJQ0FnSUN2cnVxRURREAE	Untuk mobil EV affordable bisa jadi salah satu rekomendasi sih. Lalu penjelasan Salesnya mudah dipahami & pelayanannya top banget.	2026-08-19 15:29:09	5	Sangat Positif	True	Pelayanan & Sales	Pengetahuan Produk (Sales)	Ulasan mengapresiasi penjelasan sales yang mudah dipahami serta rekomendasi mobil EV yang terjangkau.	Positive
ChdDSUhNMG9nS0VJQ0FnTUNReGZlWndRRRAB	Pelayanannya ramah banget, tempatnya juga nyaman maju terus Vinfast PIK! semoga makin banyak yang belanja nih disini	2026-08-19 15:29:09	5	Sangat Positif	True	Pelayanan & Sales	Keramahan & Respon Staf	Ulasan memuji keramahan staf dan kenyamanan showroom VinFast PIK.	Positive
ChZDSUhNMG9nS0VJQ0FnSUR2ejdtbUxnEAE	Dealer Vinfast di Pantai Indah Kapuk dengan service yang bagus dari Team Sales sampai dengan Kepala Cabangnya. Responsif, nice attitude, nice product dan recommend untuk pembelian unit Vinfast	2026-08-19 15:29:09	5	Sangat Positif	True	Pelayanan & Sales	Keramahan & Respon Staf	Ulasan mengapresiasi pelayanan responsif dan sikap baik dari sales hingga Kepala Cabang VinFast PIK.	Positive
ChdDSUhNMG9nS0VJQ0FnSUN2N3AyeXF3RRAB	Pelayanan dari salesman sangat membantu saya memberikan gambaran dari unit yg saya inginkan, penjelasannya detail dan sangat ramah. Terimakasih	2026-08-19 15:29:09	5	Sangat Positif	True	Pelayanan & Sales	Pengetahuan Produk (Sales)	Ulasan memuji kejelasan detail penjelasan dan keramahan dari salesman.	Positive
ChZDSUhNMG9nS0VJQ0FnSURmdllYX0t3EAE	"Showroom Vinfast PIK  Oks banget deh pelayanannya & ramah-ramah. Ngga nyesel deh + dapet bonusnya juga. Hehehe...
Vinfast semakin Sukses..."	2026-08-19 15:29:09	5	Sangat Positif	True	Pelayanan & Sales	Keramahan & Respon Staf	Ulasan merasa sangat puas dengan pelayanan yang ramah serta bonus yang didapatkan.	Positive
ChdDSUhNMG9nS0VJQ0FnSUN2aWIzY3BRRRAB	Showroom mobil vinfast yg paling lengkap dan sangat ramah untuk semua sales marketingnya, mempermudah dalam segala hal	2026-08-19 15:29:09	5	Sangat Positif	True	Pelayanan & Sales	Keramahan & Respon Staf	Ulasan memuji kelengkapan unit showroom dan kemudahan pelayanan oleh tim sales marketing.	Positive
ChZDSUhNMG9nS0VJQ0FnSUN2cnRTckpnEAE	"""thx ko Piter , pelayanan bagus dari vinfast pik "" recommended"	2026-08-19 15:29:09	5	Sangat Positif	True	Pelayanan & Sales	Keramahan & Respon Staf	Ulasan mengucapkan terima kasih atas pelayanan yang bagus dari staf VinFast PIK.	Positive
ChZDSUhNMG9nS0VJQ0FnSUR2OU9HYU13EAE	"Showroomnya bersih, pelayanan ramah, awalnya hanya ingin lihat"" akhirnya jd tertarik..."	2026-08-19 15:29:09	5	Sangat Positif	True	Pelayanan & Sales	Keramahan & Respon Staf	Ulasan mengapresiasi kebersihan showroom dan keramahan staf yang menarik minat pembeli.	Positive
ChdDSUhNMG9nS0VJQ0FnSUN2LXZfQTVnRRAB	"yeay sampai juga mobilnya
mobil listrik idaman buat kuliah nich
enak banget mobilnya …"	2026-08-19 15:29:09	5	Sangat Positif	True	Kualitas Produk & Performa	Desain & Fitur Mobil	Ulasan menunjukkan kepuasan tinggi terhadap kedatangan mobil listrik idaman yang nyaman digunakan.	Positive
ChZDSUhNMG9nS0VJQ0FnSUR2el83TEdBEAE	"asli enak banget nih mobil listrik Vinfast VF5
yang mau test drive bisa ke Vinfast Pantai Indah Kapuk PIK jakarta utara"	2026-08-19 15:29:09	5	Sangat Positif	True	Pelayanan & Sales	Layanan Test Drive	Ulasan memuji kenyamanan VinFast VF5 dan merekomendasikan test drive di VinFast PIK.	Positive
ChZDSUhNMG9nS0VJQ0FnSUN2dnNUdVpREAE	Tempat nya bagus,pelayanan sales marketing dan branch manager nya sangat humble,dan menguasai tentang produk👍👍👍 …	2026-08-19 15:29:09	5	Sangat Positif	True	Pelayanan & Sales	Pengetahuan Produk (Sales)	Ulasan memuji kebagusan tempat serta sikap rendah hati dan penguasaan produk dari tim sales dan branch manager.	Positive
ChZDSUhNMG9nS0VJQ0FnSUN2aVlTcURnEAE	Welcome my newbaby , siap anter anak sekolah dan beraktivitas kembali , thank you vinfast pik atas pelayanan yg ramah dan terbaik	2026-08-19 15:29:09	5	Sangat Positif	True	Pelayanan & Sales	Keramahan & Respon Staf	Ulasan berterima kasih atas penyerahan unit mobil baru dan pelayanan yang sangat ramah.	Positive
ChdDSUhNMG9nS0VJQ0FnSUR2eXZLLS13RRAB	"Terima kasih pelayanan terbaik untuk pembelian mobil listrik vintast vf5
sukses terus vinfast pantai indah kapuk PIK"	2026-08-19 15:29:09	5	Sangat Positif	True	Pelayanan & Sales	Proses Pembelian & Dokumen	Ulasan mengungkapkan kepuasan atas pelayanan terbaik dalam proses pembelian mobil VinFast VF5.	Positive
ChZDSUhNMG9nS0VJQ0FnSUN2N3AtOFdBEAE	Pelayanan terbaik dan penjelasan produk yg detail jadi yakin mau beli..	2026-08-19 15:29:09	5	Sangat Positif	True	Pelayanan & Sales	Pengetahuan Produk (Sales)	Ulasan mengapresiasi penjelasan produk secara detail yang meyakinkan keputusan pembelian.	Positive
ChZDSUhNMG9nS0VJQ0FnSUN2OWI2T1VREAE	cari mobil ev di Sgu vinfast pik lengkap, salesnya juga ramah2. semoga ada disc akhir tahun ya	2026-08-19 15:29:09	4	Positif	True	Pelayanan & Sales	Keramahan & Respon Staf	Ulasan memuji kelengkapan unit EV serta keramahan sales dan berharap mendapat diskon akhir tahun.	Positive
ChZDSUhNMG9nS0VJQ0FnSUR2akxUQWZREAE	Dealer dengan pelayanan terbaik untuk mobil listrik vin vast semuanya ramah TOP banget	2026-08-19 15:29:09	5	Sangat Positif	True	Pelayanan & Sales	Keramahan & Respon Staf	Ulasan menilai dealer VinFast memiliki pelayanan terbaik dan staf yang sangat ramah.	Positive
ChdDSUhNMG9nS0VJQ0FnSUN2cnBmd2pBRRAB	Terima kasih, Pelayanan Baik, Salesnya Ramah, semoga bisa mampir lagi ke PIK	2026-08-19 15:29:09	5	Sangat Positif	True	Pelayanan & Sales	Keramahan & Respon Staf	Ulasan berterima kasih atas pelayanan yang baik dan keramahan sales.	Positive
Ci9DQUlRQUNvZENodHljRjlvT25aZmJGQjBXak5RTkhWRFRWWTNWbkEwWWs0eVowRRAB	Gila pelayanaan nya gilaaaaaaa sangat sangat di bantuuuu, the best dealer vinfast pik...	2026-08-19 15:29:09	5	Sangat Positif	True	Pelayanan & Sales	Keramahan & Respon Staf	Ulasan merasa sangat terbantu oleh pelayanan dealer VinFast PIK yang dinilai luar biasa.	Positive
ChdDSUhNMG9nS0VJQ0FnSUN2aWF2YXRnRRAB	Harga terjangkau, kualitas bgus, dan pelayanan sampai pengiriman Unit sangat cepat dan baik.	2026-08-19 15:30:21	5	Sangat Positif	True	Pelayanan & Sales	Keramahan & Respon Staf	Pengguna memuji harga terjangkau, kualitas bagus, serta pelayanan dan pengiriman unit yang cepat dan baik.	Positive
ChZDSUhNMG9nS0VJQ0FnSUNmaWRLUmJREAE	"Sampai juga pesan mobil listrik vietnam, Vinfast VF5 di Dealer Vinfast Pantai Indah Kapuk PIK
Terima kasih pelayanan terbaik"	2026-08-19 15:30:21	5	Sangat Positif	True	Pelayanan & Sales	Keramahan & Respon Staf	Pengguna merasa senang atas pemesanan mobil listrik Vinfast VF5 dan memberikan apresiasi atas pelayanan terbaik.	Positive
ChdDSUhNMG9nS0VJQ0FnSUN2N3ZmVHp3RRAB	"Wah keren banget mobil listrik Vinfast VF3 dari vietnam
semoga lekas masuk ke indonesia
terima kasih Showroom Vinfast Pantai Indah Kapuk PIK"	2026-08-19 15:30:21	5	Sangat Positif	True	Kualitas Produk & Performa	Desain & Fitur Mobil	Pengguna sangat antusias dengan desain mobil listrik Vinfast VF3 dan berharap segera rilis di Indonesia.	Positive
ChZDSUhNMG9nS0VJQ0FnSUN2aWJLMVNBEAE	PT gallerie setia utam PIK keren sekali , garansi pelayanan 24 jam puas	2026-08-19 15:30:21	5	Sangat Positif	True	Purna Jual & Fasilitas	Klaim Garansi & Stasiun Cas (Charging)	Pengguna merasa puas dengan garansi pelayanan 24 jam dari dealer PT Gallerie Setia Utama PIK.	Positive
ChdDSUhNMG9nS0VJQ0FnSUM3MEpPN3NnRRAB	Showroom nya rapih dgn sales yg mengerti produk. Terpercaya. Bisa cek dgn Nico di sana.👍👍 …	2026-08-19 15:30:21	5	Sangat Positif	True	Pelayanan & Sales	Pengetahuan Produk (Sales)	Pengguna memuji kebersihan showroom dan pengetahuan produk dari sales bernama Nico.	Positive
ChdDSUhNMG9nS0VJQ0FnSUN2dFozSHJ3RRAB	"super  duper  bagus  banget si pelayanan yh disini
di jamin  gk nyesel deh"	2026-08-19 15:30:21	5	Sangat Positif	True	Pelayanan & Sales	Keramahan & Respon Staf	Pengguna merasa sangat puas dengan pelayanan yang diberikan dan merekomendasikan tempat tersebut.	Positive
ChdDSUhNMG9nS0VJQ0FnSUN2N3UyRjVnRRAB	servis nya bagus dealer ini, minggu kemarin saya ambil 1 unit	2026-08-19 15:30:21	5	Sangat Positif	True	Purna Jual & Fasilitas	Servis & Sparepart	Pengguna memuji servis dealer yang bagus setelah melakukan pembelian satu unit mobil.	Positive
ChZDSUhNMG9nS0VJQ0FnSUN2cnEzdGZ3EAE	Cocok banget buat keluarga,kabin nya luas,fitur keselamatan nya lengkap dan sales nya juga ramah poko nya mantap 👍🏻 …	2026-08-19 15:30:21	5	Sangat Positif	True	Kualitas Produk & Performa	Desain & Fitur Mobil	Pengguna menilai mobil sangat cocok untuk keluarga, kabin luas, fitur lengkap, dan sales ramah.	Positive
ChZDSUhNMG9nS0VJQ0FnSUN2N29lTU9nEAE	Akses mudah dan dealer bersih. Karyawan sigap.. gk.nyesel beli mobil disini. Thx vinfast PIK	2026-08-19 15:30:21	5	Sangat Positif	True	Purna Jual & Fasilitas	Kebersihan & Kenyamanan Showroom	Pengguna mengapresiasi kebersihan dealer, akses yang mudah, serta staf yang sigap.	Positive
ChdDSUhNMG9nS0VJQ0FnSURmM2FXZGlnRRAB	Pelayanan terbaik saya dapatkan di dealer ini. Thx🙏🙏 …	2026-08-19 15:30:21	5	Sangat Positif	True	Pelayanan & Sales	Keramahan & Respon Staf	Pengguna mengungkapkan telah mendapatkan pelayanan terbaik di dealer ini.	Positive
ChZDSUhNMG9nS0VJQ0FnSUN2dW9iZ0JBEAE	dealer bagus.. sales rama.. kacab nya asik bnr..	2026-08-19 15:30:21	5	Sangat Positif	True	Pelayanan & Sales	Keramahan & Respon Staf	Pengguna memuji dealer yang bagus, sales yang ramah, dan kepala cabang yang menyenangkan.	Positive
ChZDSUhNMG9nS0VJQ0FnSUR2cl92UFZREAE	Good Service, yang mau cari mobil listrik bisa datang ke Vinfast PIK	2026-08-19 15:30:21	5	Sangat Positif	True	Pelayanan & Sales	Keramahan & Respon Staf	Pengguna memuji pelayanan dealer dan merekomendasikan Vinfast PIK untuk pencari mobil listrik.	Positive
ChdDSUhNMG9nS0VJQ0FnSURmblpLT3dRRRAB	Salesnya sangat baik dalam produk dan sangat membantu dalam proses mobil barunya	2026-08-19 15:30:21	5	Sangat Positif	True	Pelayanan & Sales	Pengetahuan Produk (Sales)	Pengguna memuji sales yang menguasai produk dan sangat membantu proses pembelian mobil baru.	Positive
ChdDSUhNMG9nS0VJQ0FnSURmblpuZDZnRRAB	Pelayanan Ramah, Dealer nyaman.. Sukses terus untuk Vinfast Pik	2026-08-19 15:30:21	5	Sangat Positif	True	Pelayanan & Sales	Keramahan & Respon Staf	Pengguna mengapresiasi pelayanan ramah serta dealer yang nyaman.	Positive
ChZDSUhNMG9nS0VJQ0FnSUN2N3ZpSmNBEAE	Sangat Memuaskan mobil dan pelayanan nya, terimakasih	2026-08-19 15:30:21	5	Sangat Positif	True	Pelayanan & Sales	Keramahan & Respon Staf	Pengguna merasa sangat puas dengan kualitas mobil dan pelayanan yang didapatkan.	Positive
ChdDSUhNMG9nS0VJQ0FnSUR2Z05qTGdRRRAB	Dealer Vinfast di PIK sangat nyaman, Bersih serta dari segi pelayanan sangat memuaskan	2026-08-19 15:30:21	5	Sangat Positif	True	Purna Jual & Fasilitas	Kebersihan & Kenyamanan Showroom	Pengguna memuji dealer Vinfast di PIK yang sangat nyaman, bersih, dan melayani dengan memuaskan.	Positive
ChdDSUhNMG9nS0VJQ0FnSUN2bnRLT3VnRRAB	pelayanannya bagus orangnya ramah banget berkesan baik banget	2026-08-19 15:30:21	5	Sangat Positif	True	Pelayanan & Sales	Keramahan & Respon Staf	Pengguna memberikan kesan positif terhadap staf yang sangat ramah dan pelayanannya yang bagus.	Positive
ChZDSUhNMG9nS0VJQ0FnSUN2M3VfRWRBEAE	dealer nya sangat bagus, dan untuk after sales nya sangat rekomendasi	2026-08-19 15:30:21	5	Sangat Positif	True	Purna Jual & Fasilitas	Servis & Sparepart	Pengguna menilai dealer sangat bagus dan layanan purna jualnya sangat direkomendasikan.	Positive
ChdDSUhNMG9nS0VJQ0FnSUNmeEtfYXZBRRAB	keren banget Mobil listrik vinfast vf3,semoga lekas masuk ke indonesia, terima kasih Vinfast pantai indah kapuk PIK Jakarta Utara	2026-08-19 15:30:21	5	Sangat Positif	True	Kualitas Produk & Performa	Desain & Fitur Mobil	Pengguna memuji mobil listrik Vinfast VF3 dan berharap model tersebut segera dipasarkan di Indonesia.	Positive
ChdDSUhNMG9nS0VJQ0FnSUN2X3BMa3JBRRAB	Pelayanan nya sangat fast respon dan memuaskan!	2026-08-19 15:30:21	5	Sangat Positif	True	Pelayanan & Sales	Keramahan & Respon Staf	Pengguna merasa puas dengan respon pelayanan yang sangat cepat dan memuaskan.	Positive
ChdDSUhNMG9nS0VJQ0FnSUN2OWY3UHRRRRAB	Bersih , nyaman, sales nya ramah2 . Top d vinfast pik	2026-08-19 15:30:57	5	Sangat Positif	True	Purna Jual & Fasilitas	Kebersihan & Kenyamanan Showroom	Ulasan memuji kebersihan, kenyamanan showroom, serta keramahan sales.	Positive
ChdDSUhNMG9nS0VJQ0FnSUN2dnN5WjNnRRAB	Sangat ramah sales nya dan suasana kantor nyaman	2026-08-19 15:30:57	5	Sangat Positif	True	Pelayanan & Sales	Keramahan & Respon Staf	Ulasan mengapresiasi sales yang ramah dan suasana kantor yang nyaman.	Positive
ChdDSUhNMG9nS0VJQ0FnSUN2cnJxV2xnRRAB	Salesnya rama2 dan dealernya Bersih dan Rapi...	2026-08-19 15:30:57	5	Sangat Positif	True	Pelayanan & Sales	Keramahan & Respon Staf	Ulasan memuji sales ramah serta dealer yang bersih dan rapi.	Positive
ChZDSUhNMG9nS0VJQ0FnSUN2bnJMakh3EAE	pelayanan nya sangat bagus dan sangat nyaman sekali	2026-08-19 15:30:57	5	Sangat Positif	True	Pelayanan & Sales	Keramahan & Respon Staf	Ulasan menyatakan pelayanan sangat bagus dan sangat nyaman.	Positive
ChdDSUhNMG9nS0VJQ0FnSUNmaE5QZ3hnRRAB	wah pengalaman berbeda untuk mengendarai. mantaps dah..	2026-08-19 15:30:57	5	Sangat Positif	True	Pelayanan & Sales	Layanan Test Drive	Ulasan positif mengenai pengalaman berkendara yang berbeda dan mantap.	Positive
ChdDSUhNMG9nS0VJQ0FnSUN2N3V6bzZ3RRAB	Dealernya & pelayanan salesnya Bagus & ramah.tks Vinfast PIK	2026-08-19 15:30:57	5	Sangat Positif	True	Pelayanan & Sales	Keramahan & Respon Staf	Ulasan memuji dealer dan pelayanan sales VinFast PIK yang bagus dan ramah.	Positive
ChdDSUhNMG9nS0VJQ0FnSUN2N3YzLTVnRRAB	Pelayanannya Bagus... staff nya ramah2	2026-08-19 15:30:57	5	Sangat Positif	True	Pelayanan & Sales	Keramahan & Respon Staf	Ulasan memuji pelayanan yang bagus dan staf yang ramah.	Positive
ChdDSUhNMG9nS0VJQ0FnSUN2NmZuLW5BRRAB	Best service... Mau cari vinfast.. vinfast pik aja...	2026-08-19 15:30:57	5	Sangat Positif	True	Pelayanan & Sales	Keramahan & Respon Staf	Ulasan memberikan pujian atas pelayanan terbaik di VinFast PIK.	Positive
ChdDSUhNMG9nS0VJQ0FnSUNmbnBEMzJBRRAB	Showroom nyaman dan pelayanannya terbaik	2026-08-19 15:30:57	5	Sangat Positif	True	Purna Jual & Fasilitas	Kebersihan & Kenyamanan Showroom	Ulasan mengapresiasi kenyamanan showroom dan pelayanan terbaik.	Positive
ChdDSUhNMG9nS0VJQ0FnSUN2N3BfSGtRRRAB	Tempat keren, cozy, marketernya ramah ramah👌 …	2026-08-19 15:30:57	5	Sangat Positif	True	Pelayanan & Sales	Keramahan & Respon Staf	Ulasan memuji tempat yang keren dan nyaman serta marketer yang ramah.	Positive
ChZDSUhNMG9nS0VJQ0FnSURmblpXdVZREAE	Mobil bagus dilayani dengan ramah dan baik.	2026-08-19 15:30:57	5	Sangat Positif	True	Pelayanan & Sales	Keramahan & Respon Staf	Ulasan memuji mobil yang bagus dan pelayanan yang ramah serta baik.	Positive
ChdDSUhNMG9nS0VJQ0FnSUN2N3E3VXZnRRAB	Pelayanan nya ga kaleng kaleng top markotop 😍 …	2026-08-19 15:30:57	5	Sangat Positif	True	Pelayanan & Sales	Keramahan & Respon Staf	Ulasan memuji pelayanan dealer yang sangat berkualitas dan memuaskan.	Positive
ChdDSUhNMG9nS0VJQ0FnSUN2N3FQXzNBRRAB	Tempatnya nyaman ,staf2 nya ramah dan helpfull	2026-08-19 15:30:57	5	Sangat Positif	True	Pelayanan & Sales	Keramahan & Respon Staf	Ulasan memuji tempat yang nyaman serta staf yang ramah dan membantu.	Positive
Ci9DQUlRQUNvZENodHljRjlvT2sxclNGUlBOMDB6YTBoSmQxbFVSMnRvVkdWNU4yYxAB	Dealer vinfast terbaik dijakarta utara	2026-08-19 15:30:57	5	Sangat Positif	True	Purna Jual & Fasilitas	Kebersihan & Kenyamanan Showroom	Ulasan menganggap dealer VinFast tersebut merupakan yang terbaik di Jakarta Utara.	Positive
ChdDSUhNMG9nS0VJQ0FnSUN2bVlXazlRRRAB	Terima kasih Mas Fandy atas informasi dan pelayanan nya	2026-08-19 15:30:57	5	Sangat Positif	True	Pelayanan & Sales	Keramahan & Respon Staf	Ulasan menyampaikan terima kasih atas informasi dan pelayanan staf.	Positive
ChdDSUhNMG9nS0VJQ0FnSURmb3YtOXhRRRAB	Bagus tempatnya view nya pas pemandangan laut	2026-08-19 15:30:57	5	Sangat Positif	True	Purna Jual & Fasilitas	Kebersihan & Kenyamanan Showroom	Ulasan memuji keindahan tempat dealer dengan pemandangan laut.	Positive
ChZDSUhNMG9nS0VJQ0FnSUN2cHFYVER3EAE	Pelayanannya oke bnget.. mantapp..	2026-08-19 15:30:57	5	Sangat Positif	True	Pelayanan & Sales	Keramahan & Respon Staf	Ulasan memberikan kepuasan tinggi terhadap pelayanan yang mantap.	Positive
ChdDSUhNMG9nS0VJQ0FnSUN2dGV2SDhRRRAB	"Dealer terbaik🙏🏻🙏🏻🙏🏻
Dgn Pak Danil …"	2026-08-19 15:30:57	5	Sangat Positif	True	Pelayanan & Sales	Keramahan & Respon Staf	Ulasan mengapresiasi dealer terbaik dan pelayanan dari Pak Danil.	Positive
ChdDSUhNMG9nS0VJQ0FnSUN2cm8ybXl3RRAB	"pelayanan bintang 5, mobilnya cakep"""	2026-08-19 15:30:57	5	Sangat Positif	True	Pelayanan & Sales	Keramahan & Respon Staf	Ulasan memberikan rating pelayanan bintang lima dan memuji tampilan mobil.	Positive
ChdDSUhNMG9nS0VJQ0FnSURmNy1TeDdnRRAB	Dealernya keren mobil2 nya juga keren👍👍👍 …	2026-08-19 15:30:57	5	Sangat Positif	True	Kualitas Produk & Performa	Desain & Fitur Mobil	Ulasan memuji dealer dan kualitas mobil yang keren.	Positive
ChdDSUhNMG9nS0VJQ0FnSUN2aWM3VjhnRRAB	Vinfast PIK emang keren,, top banget lah	2026-08-19 15:31:44	5	Sangat Positif	True	Purna Jual & Fasilitas	Kebersihan & Kenyamanan Showroom	Pujian sangat positif terhadap kebenaran dan kenyamanan VinFast PIK.	Positive
ChdDSUhNMG9nS0VJQ0FnSURmckxLN2l3RRAB	Keren banget servis.. suskes selalu	2026-08-19 15:31:44	5	Sangat Positif	True	Purna Jual & Fasilitas	Servis & Sparepart	Apresiasi dan doa sukses atas layanan servis yang sangat keren.	Positive
ChdDSUhNMG9nS0VJQ0FnSURfeWJmSzNnRRAB	Marketing ramah, bisa dibantu sampai approve,	2026-08-19 15:31:44	5	Sangat Positif	True	Pelayanan & Sales	Keramahan & Respon Staf	Pujian atas keramahan tim marketing yang membantu hingga permohonan disetujui.	Positive
ChZDSUhNMG9nS0VJQ0FnSURfaUpuTU13EAE	Mantap pelayanannya	2026-08-19 15:31:44	4	Positif	True	Pelayanan & Sales	Keramahan & Respon Staf	Pujian bahwa pelayanan yang diberikan mantap.	Positive
ChZDSUhNMG9nS0VJQ0FnSUN2dXFHQUlnEAE	beli sama fandy, bonusnya banyak ♥️♥️	2026-08-19 15:31:44	5	Sangat Positif	True	Harga & Bisnis Perusahaan	Harga Mobil & Promo	Kepuasan pembeli atas banyaknya bonus promo yang didapatkan dari sales.	Positive
ChZDSUhNMG9nS0VJQ0FnSURmcXZ5LWR3EAE	Luar biasa mantap , Good produk	2026-08-19 15:31:44	5	Sangat Positif	True	Kualitas Produk & Performa	Kelayakan Produk (Pabrik)	Pujian sangat baik terhadap kualitas dan performa produk.	Positive
ChZDSUhNMG9nS0VJQ0FnSUR2OUt5V2ZREAE	Pelayanan terbaik	2026-08-19 15:31:44	5	Sangat Positif	True	Pelayanan & Sales	Keramahan & Respon Staf	Menganggap pelayanan staf merupakan yang terbaik.	Positive
ChZDSUhNMG9nS0VJQ0FnSUNmcE5lSmZ3EAE	Showroom yg keren !	2026-08-19 15:31:44	4	Positif	True	Purna Jual & Fasilitas	Kebersihan & Kenyamanan Showroom	Pujian terhadap fasilitas showroom yang keren.	Positive
ChdDSUhNMG9nS0VJQ0FnSUN2dnNiRDh3RRAB	Top dah pelayanan nya...	2026-08-19 15:31:44	4	Positif	True	Pelayanan & Sales	Keramahan & Respon Staf	Pujian positif mengenai pelayanan sales/dealer.	Positive
ChZDSUhNMG9nS0VJQ0FnSUN2OVk3ZENBEAE	Top pelayanan nya	2026-08-19 15:31:44	4	Positif	True	Pelayanan & Sales	Keramahan & Respon Staf	Ulasan singkat memuji pelayanan yang top.	Positive
ChZDSUhNMG9nS0VJQ0FnSUR2OUt6UVBBEAE	Layanan terbaik. best pokok.	2026-08-19 15:31:44	5	Sangat Positif	True	Pelayanan & Sales	Keramahan & Respon Staf	Menyatakan bahwa layanan yang diberikan adalah yang terbaik.	Positive
ChZDSUhNMG9nS0VJQ0FnSUNmN3NPNVh3EAE	Ok dealer nyaman	2026-08-19 15:31:44	4	Positif	True	Purna Jual & Fasilitas	Kebersihan & Kenyamanan Showroom	Dealer dinilai nyaman dan oke oleh konsumen.	Positive
ChdDSUhNMG9nS0VJQ0FnSUN2dnRTU2dBRRAB	Pelayanan sangat memuaskan	2026-08-19 15:31:44	5	Sangat Positif	True	Pelayanan & Sales	Keramahan & Respon Staf	Menunjukkan kepuasan yang sangat tinggi terhadap pelayanan.	Positive
ChZDSUhNMG9nS0VJQ0FnSUN2cnFMNkRnEAE	Pelayanan nya sangan bagus	2026-08-19 15:31:44	4	Positif	True	Pelayanan & Sales	Keramahan & Respon Staf	Memuji pelayanan yang sangat bagus.	Positive
ChZDSUhNMG9nS0VJQ0FnSUN2bnBLcFdnEAE	pelayanan bagus	2026-08-19 15:31:44	4	Positif	True	Pelayanan & Sales	Keramahan & Respon Staf	Ulasan positif mengenai pelayanan yang bagus.	Positive
ChdDSUhNMG9nS0VJQ0FnSUNmM3JpdjJBRRAB	Pelayanan ramah	2026-08-19 15:31:44	4	Positif	True	Pelayanan & Sales	Keramahan & Respon Staf	Apresiasi terhadap keramahan staf pelayanan.	Positive
ChZDSUhNMG9nS0VJQ0FnSUR2NzRyQ1NnEAE	Pelayanan nya terbaiikkk 👍 …	2026-08-19 15:31:44	5	Sangat Positif	True	Pelayanan & Sales	Keramahan & Respon Staf	Pujian sangat positif terhadap pelayanan terbaik disertai simbol apresiasi.	Positive
ChZDSUhNMG9nS0VJQ0FnSUN2X295SERBEAE	mobil Vinfast dapat diandalkan & layak untuk dimiliki	2026-08-19 15:31:44	5	Sangat Positif	True	Kualitas Produk & Performa	Kelayakan Produk (Pabrik)	Testimoni positif terhadap keandalan dan kelayakan mobil VinFast.	Positive
ChZDSUhNMG9nS0VJQ0FnSUNfNHJDbVBREAE	Lokasi bagus , tempat oke	2026-08-19 15:31:44	4	Positif	True	Purna Jual & Fasilitas	Kebersihan & Kenyamanan Showroom	Penilaian positif terhadap lokasi dan tempat dealer.	Positive
ChdDSUhNMG9nS0VJQ0FnSUN2aWNiVmlnRRAB	Pelaynan cepat servis baguss	2026-08-19 15:31:44	5	Sangat Positif	True	Purna Jual & Fasilitas	Servis & Sparepart	Pujian terhadap pelayanan servis yang cepat dan bagus.	Positive
ChdDSUhNMG9nS0VJQ0FnSUN2N3VISDFnRRAB	Kerenn bangett top markotop	2026-08-19 15:32:09	5	Sangat Positif	True	Kualitas Produk & Performa	Desain & Fitur Mobil	Pujian umum yang sangat positif terhadap produk dan pengalaman.	Positive
ChdDSUhNMG9nS0VJQ0FnSUN2em9HY3F3RRAB	Salesnya baik dan ramah	2026-08-19 15:32:09	5	Sangat Positif	True	Pelayanan & Sales	Keramahan & Respon Staf	Memuji tim sales yang baik dan ramah.	Positive
ChdDSUhNMG9nS0VJQ0FnSUR2dk5hcWdnRRAB	Pelayanan yang sangat baikkkk	2026-08-19 15:32:09	5	Sangat Positif	True	Pelayanan & Sales	Keramahan & Respon Staf	Memuji kualitas pelayanan dealer yang sangat baik.	Positive
ChZDSUhNMG9nS0VJQ0FnSUN2eWN2bWR3EAE	Vinfast PIK oke banget pelayanan nya	2026-08-19 15:32:09	5	Sangat Positif	True	Pelayanan & Sales	Keramahan & Respon Staf	Pujian khusus untuk pelayanan dealer VinFast PIK.	Positive
ChdDSUhNMG9nS0VJQ0FnSUN2aWRQLXhRRRAB	Mantap Bro Fandy	2026-08-19 15:32:09	5	Sangat Positif	True	Pelayanan & Sales	Keramahan & Respon Staf	Pujian pribadi dan sangat positif untuk staf bernama Fandy.	Positive
ChdDSUhNMG9nS0VJQ0FnSUN2N3RucXRRRRAB	Keren sekali 😍 …	2026-08-19 15:32:09	5	Sangat Positif	True	Purna Jual & Fasilitas	Kebersihan & Kenyamanan Showroom	Pujian sangat positif untuk showroom/pengalaman.	Positive
ChdDSUhNMG9nS0VJQ0FnSUR2Z05yVHVnRRAB	pelayanan ramah	2026-08-19 15:32:09	4	Positif	True	Pelayanan & Sales	Keramahan & Respon Staf	Menilai pelayanan staf ramah.	Positive
ChZDSUhNMG9nS0VJQ0FnSUNmN3JYdUhnEAE	Dealer VinFast terpercaya 👍👍👍 …	2026-08-19 15:32:09	5	Sangat Positif	True	Harga & Bisnis Perusahaan	Perizinan & Keberadaan Pabrik/Perusahaan	Menyatakan kepercayaan tinggi terhadap Dealer VinFast.	Positive
ChZDSUhNMG9nS0VJQ0FnSUN2aVl2LWVREAE	Sangat membantu mantap	2026-08-19 15:32:09	5	Sangat Positif	True	Pelayanan & Sales	Keramahan & Respon Staf	Pujian terhadap pelayanan yang sangat membantu.	Positive
ChdDSUhNMG9nS0VJQ0FnSURmbmY2TThRRRAB	Terbaik	2026-08-19 15:32:09	5	Sangat Positif	True	Kualitas Produk & Performa	Desain & Fitur Mobil	Pujian singkat menyatakan produk/layanan terbaik.	Positive
ChZDSUhNMG9nS0VJQ0FnSUN2N3Uza0t3EAE	Semuaaa ok banget...	2026-08-19 15:32:09	5	Sangat Positif	True	Pelayanan & Sales	Keramahan & Respon Staf	Pujian menyeluruh bahwa semua aspek sangat bagus.	Positive
ChdDSUhNMG9nS0VJQ0FnSURfZ2NTMzNRRRAB	Keren tempat terjangkau	2026-08-19 15:32:09	4	Positif	True	Purna Jual & Fasilitas	Kebersihan & Kenyamanan Showroom	Menyukai lokasi showroom yang keren dan mudah dijangkau.	Positive
ChdDSUhNMG9nS0VJQ0FnSUR2ejkzdjVBRRAB	Terbaik dan terpercaya	2026-08-19 15:32:09	5	Sangat Positif	True	Harga & Bisnis Perusahaan	Perizinan & Keberadaan Pabrik/Perusahaan	Ungkapan kepercayaan penuh terhadap entitas bisnis/dealer.	Positive
ChdDSUhNMG9nS0VJQ0FnSUNfcktyRmlBRRAB	Bagus banget 🤙🏻 …	2026-08-19 15:32:09	5	Sangat Positif	True	Kualitas Produk & Performa	Desain & Fitur Mobil	Pujian sangat positif disertai emoji.	Positive
ChdDSUhNMG9nS0VJQ0FnSURmM1lma3hBRRAB	Ramah	2026-08-19 15:32:09	4	Positif	True	Pelayanan & Sales	Keramahan & Respon Staf	Komentar positif singkat mengenai staf yang ramah.	Positive
ChdDSUhNMG9nS0VJQ0FnSURmNzlyMzl3RRAB	Bagus	2026-08-19 15:32:09	4	Positif	True	Kualitas Produk & Performa	Desain & Fitur Mobil	Komentar singkat positif tentang kualitas produk.	Positive
ChZDSUhNMG9nS0VJQ0FnSUN2OVo3SlZ3EAE	Mantapp	2026-08-19 15:32:09	4	Positif	True	Kualitas Produk & Performa	Desain & Fitur Mobil	Pujian singkat yang menyatakan kepuasan.	Positive
ChZDSUhNMG9nS0VJQ0FnSUNmN29lMUJ3EAE	Keren	2026-08-19 15:32:09	4	Positif	True	Kualitas Produk & Performa	Desain & Fitur Mobil	Komentar positif singkat menyukai produk/fasilitas.	Positive
ChZDSUhNMG9nS0VJQ0FnSUNmM3ZUa0VBEAE	Mantappp👍👍👍 …	2026-08-19 15:32:09	5	Sangat Positif	True	Kualitas Produk & Performa	Desain & Fitur Mobil	Pujian sangat positif dengan simbol emoji acungan jempol.	Positive
ChZDSUhNMG9nS0VJQ0FnSUN2N3V6V2NREAE	bagus	2026-08-19 15:32:09	4	Positif	True	Kualitas Produk & Performa	Desain & Fitur Mobil	Ulasan singkat bernada positif.	Positive
Ci9DQUlRQUNvZENodHljRjlvT2twQk5uRm1VMDh0UWxWc2NXUTJibGR5VjNablEzYxAB	"Pelayanan ok
Fasilitas ok"	2026-08-19 15:32:42	4	Positif	True	Pelayanan & Sales	Keramahan & Respon Staf	Pengguna memuji pelayanan dan fasilitas showroom yang baik.	Positive
ChdDSUhNMG9nS0VJQ0FnSUN2dXVyTjlBRRAB	Showroomnya oke, harganya juga murah.	2026-08-19 15:32:42	4	Positif	True	Harga & Bisnis Perusahaan	Harga Mobil & Promo	Pengguna merasa senang dengan showroom dan harga mobil yang terjangkau.	Positive
ChdDSUhNMG9nS0VJQ0FnSUN2aWNlUjhBRRAB	Pelayanan terbaik dari Peter sebagai tenaga penjualan. Pengetahuan produk yang baik.	2026-08-19 15:32:42	5	Sangat Positif	True	Pelayanan & Sales	Pengetahuan Produk (Sales)	Pujian khusus kepada tenaga penjualan bernama Peter atas pelayanan dan pengetahuan produknya.	Positive
ChdDSUhNMG9nS0VJQ0FnSUN2cnNuNGt3RRAB	Tempat yang bagus untuk dikunjungi dan terima kasih atas pelayanannya!	2026-08-19 15:32:42	5	Sangat Positif	True	Pelayanan & Sales	Keramahan & Respon Staf	Pengguna mengapresiasi tempat dan memberikan ucapan terima kasih atas pelayanannya.	Positive
ChdDSUhNMG9nS0VJQ0FnSURmbjZMSXFnRRAB	Dealer Bagus, Pelayanan Bagus, Kerja Bagus	2026-08-19 15:32:42	5	Sangat Positif	True	Pelayanan & Sales	Keramahan & Respon Staf	Pujian menyeluruh terhadap dealer, pelayanan, dan kinerja staf.	Positive
Ci9DQUlRQUNvZENodHljRjlvT21WWWRXUk9jV0U0YzJ0aE1uTm5hazgwVEVkU2JHYxAB	Mobil yang bagus	2026-08-19 15:32:42	4	Positif	True	Kualitas Produk & Performa	Desain & Fitur Mobil	Pujian positif singkat terhadap produk mobil VinFast.	Positive
ChZDSUhNMG9nS0VJQ0FnSUN2N3VUUmVnEAE	Luuaaarrrrr biaaaaaaaa jossss...	2026-08-19 15:32:42	5	Sangat Positif	True	Non-Konteks & Spam	Komentar Acak / Spam	Ungkapan kekaguman dan kepuasan secara umum.	Positive
ChdDSUhNMG9nS0VJQ0FnSURmbjhpdTJnRRAB	Mantap vinvast	2026-08-19 15:32:42	4	Positif	True	Kualitas Produk & Performa	Desain & Fitur Mobil	Pujian singkat positif untuk brand VinFast.	Positive
ChZDSUhNMG9nS0VJQ0FnSUR2Z09pVFR3EAE	Luar biasa 👍 …	2026-08-19 15:32:42	4	Positif	True	Non-Konteks & Spam	Komentar Acak / Spam	Komentar positif berupa ekspresi pujian umum.	Positive
ChdDSUhNMG9nS0VJQ0FnSUN2bnFDRHRnRRAB	Tempat yang bagus dan nyaman.	2026-08-19 15:32:42	4	Positif	True	Purna Jual & Fasilitas	Kebersihan & Kenyamanan Showroom	Memuji tempat showroom yang bagus dan nyaman.	Positive
ChZDSUhNMG9nS0VJQ0FnSUN2dnZpS0FREAE	Keren	2026-08-19 15:32:42	4	Positif	True	Non-Konteks & Spam	Komentar Acak / Spam	Komentar positif singkat tanpa penjelasan spesifik.	Positive
ChZDSUhNMG9nS0VJQ0FnSURfN0lxT2VnEAE	Bagus	2026-08-19 15:32:42	4	Positif	True	Non-Konteks & Spam	Komentar Acak / Spam	Komentar singkat mengekspresikan kepuasan.	Positive
ChZDSUhNMG9nS0VJQ0FnSUN2aVo3UkRBEAE	Dealer yang Baik	2026-08-19 15:32:42	4	Positif	True	Pelayanan & Sales	Keramahan & Respon Staf	Pengguna memberikan penilaian baik terhadap dealer.	Positive
ChdDSUhNMG9nS0VJQ0FnSUN2N3Y3YW9BRRAB	Keren vinfast pik	2026-08-19 15:32:42	4	Positif	True	Purna Jual & Fasilitas	Kebersihan & Kenyamanan Showroom	Memuji lokasi showroom VinFast PIK secara positif.	Positive
ChdDSUhNMG9nS0VJQ0FnSUR2Z01qbjJnRRAB	Rekomendasikan dealer Vinfast	2026-08-19 15:32:42	5	Sangat Positif	True	Pelayanan & Sales	Keramahan & Respon Staf	Rekomendasi positif pengguna terhadap dealer VinFast.	Positive
ChdDSUhNMG9nS0VJQ0FnSUN2dnZLcF9nRRAB	Vinfast stabil.	2026-08-19 15:32:42	4	Positif	True	Kualitas Produk & Performa	Kualitas Baterai & Performa	Menyatakan performa mobil VinFast stabil saat dikendarai.	Positive
ChdDSUhNMG9nS0VJQ0FnSUR2bjVDSWhnRRAB	PENJUAL YANG BAIK	2026-08-19 15:32:42	4	Positif	True	Pelayanan & Sales	Keramahan & Respon Staf	Pujian kepada staf penjual yang memberikan pelayanan baik.	Positive
Ci9DQUlRQUNvZENodHljRjlvT2tRd1RqaEpkR1pRV0RSR1JsVkdXbWxsVVhoUVlYYxAB	Jgn gembar gembor free chrger, saya sudah beli tetapi gak bisa di pake, alasan lg maintenec tapi udah seminggu lebih gak ada solusi	2026-08-19 15:32:42	1	Sangat Negatif	True	Purna Jual & Fasilitas	Klaim Garansi & Stasiun Cas (Charging)	Keluhan keras mengenai charger gratis yang tidak dapat digunakan dan lamanya perbaikan tanpa solusi.	Negative
ChdDSUhNMG9nS0VNUEI3OUgxak1QTGlBRRAB	"Saya pelanggan Taxi Vinfast memberikan masukan sebagai berikut:
1. Tidak tau jalan.
2. Mobil kotor …"	2026-08-19 15:32:42	2	Negatif	True	Pelayanan & Sales	Keramahan & Respon Staf	Keluhan pelanggan taksiVinFast terkait pengemudi yang tidak tahu jalan dan kondisi mobil yang kotor.	Negative
Ci9DQUlRQUNvZENodHljRjlvT25ScFlWVktaR3AxZVZKWGJFNW9aSEoxWVhWd0xYYxAB	wahhh bagus showroomnya , di bantu layani dengan michael sangat informatif	2026-08-19 15:32:42	5	Sangat Positif	True	Pelayanan & Sales	Pengetahuan Produk (Sales)	Pujian untuk keindahan showroom dan kelayanan dari sales Michael yang informatif.	Positive
Ci9DQUlRQUNvZENodHljRjlvT25VMlluZEJkWEU0YlVneGNIbFBUbGN6VFdkSFduYxAB	Saya senang dilayani dengan mas michael dibantu jelasin mengenai vinfast vf3	2026-08-19 15:33:36	5	Sangat Positif	True	Pelayanan & Sales	Pengetahuan Produk (Sales)	Konsumen sangat puas dengan bantuan sales Michael yang menjelaskan produk VinFast VF3 secara jelas.	Positive
ChdDSUhNMG9nS0VJQ0FnSURfLVp2aTBBRRAB	mike sangat ramah informatif dan sangat ber attitude baik, dari yang gapaham vinfast sampai minat banget sama brand ini, thanks mike bintang lima	2026-08-19 15:33:36	5	Sangat Positif	True	Pelayanan & Sales	Keramahan & Respon Staf	Pujian tinggi untuk sales Mike yang ramah, informatif, dan ber-attitude baik hingga membuat konsumen berminat.	Positive
Ci9DQUlRQUNvZENodHljRjlvT2tWTVExaDJlV3hOY1U5RFdtUlhORFEyUWpOTVNsRRAB	Beritanya dari segala sudut tampil dengan apik	2026-08-19 15:33:36	0	Tidak Relevan	False	Non-Konteks & Spam	Komentar Acak / Spam	Ulasan mengenai berita yang tidak relevan langsung dengan layanan atau produk showroom mobil.	Irrelevant
Ci9DQUlRQUNvZENodHljRjlvT2pGb1RWOVRNRVZNV2pFMVIwVkdibTlVYjNWNmFHYxAB	wah showroom nya bagus sangat senang di layani mas michael	2026-08-19 15:33:36	5	Sangat Positif	True	Purna Jual & Fasilitas	Kebersihan & Kenyamanan Showroom	Konsumen memuji kualitas showroom yang bagus dan pelayanan sales Michael.	Positive
Ci9DQUlRQUNvZENodHljRjlvT210d1dYaDJVMUJRUTBwc1RVOTJOMVl0T1ZRd1JHYxAB	sangat senang dilayani dengan mas michael ☺️	2026-08-19 15:33:36	5	Sangat Positif	True	Pelayanan & Sales	Keramahan & Respon Staf	Konsumen merasa sangat senang dilayani oleh sales Michael.	Positive
Ci9DQUlRQUNvZENodHljRjlvT2kwMlRtazFUbGhyY1hSNE9HWXlTQzFaZDNWbVpuYxAB	Dilayani oleh mas michael sangat informatif	2026-08-19 15:33:36	4	Positif	True	Pelayanan & Sales	Pengetahuan Produk (Sales)	Konsumen menilai pelayanan sales Michael sangat informatif.	Positive
Ci9DQUlRQUNvZENodHljRjlvT25saFNEQmlkMUIyTURkVmJYWklOMm90TmpSMVNYYxAB	Model Futuristik CarCity	2026-08-19 15:33:36	4	Positif	True	Kualitas Produk & Performa	Desain & Fitur Mobil	Apresiasi terhadap desain model mobil yang futuristik.	Positive
Ci9DQUlRQUNvZENodHljRjlvT2xNdGIzazJXbXR1YjFKVk5VeDBRbTgwY214T2RFRRAB	Para pengemudinya sangat ceroboh. Tidak heran banyak kecelakaan yang melibatkan perusahaan ini.	2026-08-19 15:33:36	0	Tidak Relevan	False	Non-Konteks & Spam	Komentar Acak / Spam	Komentar mengenai kecerobohan pengemudi yang tidak relevan dengan dealer atau produk showroom.	Irrelevant
Ci9DQUlRQUNvZENodHljRjlvT25sdlJsRlBRa3h5V1dOQ01uSlNkemh6ZEZKSVpIYxAB	JANGAN BELI DISINI!!! Beli VF3 + asuransi alrisk OONA langsung gw bayar lunas via sales, setelah 3 bulan kemudian ketauan ASURANSI MASIH NON AKTIF karna BELUM DIBAYAR!!  Mobil ke TIMPA PAPAN PELANG VINFAST PENYOK dan RUSAK ganti rugi GA JELAS, mau ke asuransi DILARANG ternyata karna ASURANSINYA BELOM DI BAYARKAN ke ASURANSI!!!	2026-08-19 15:33:36	1	Sangat Negatif	True	Pelayanan & Sales	Proses Pembelian & Dokumen	Keluhan sangat keras mengenai penipuan/kelalaian pembayaran asuransi oleh sales serta ganti rugi kerusakan yang tidak jelas.	Negative
Ci9DQUlRQUNvZENodHljRjlvT2poRU4wTXdaV295VkVWUlYxbDVSbmxMVm5KUlpFRRAB	Dealer dan bengkel pelayanan terbaik dan ramah	2026-08-19 15:33:36	5	Sangat Positif	True	Purna Jual & Fasilitas	Servis & Sparepart	Pujian terhadap pelayanan dealer dan bengkel yang terbaik dan ramah.	Positive
Ci9DQUlRQUNvZENodHljRjlvT2tWVU9YRXlYMnN4VHpoa1ZXUTNOall5WmtnNGNFRRAB	Dealer vinfast BKR sangat bagus pelayanan nya sudah ada bengkel lengkap dan nyaman	2026-08-19 15:33:36	5	Sangat Positif	True	Purna Jual & Fasilitas	Kebersihan & Kenyamanan Showroom	Dealer VinFast BKR dinilai sangat bagus dengan fasilitas bengkel lengkap dan nyaman.	Positive
Ci9DQUlRQUNvZENodHljRjlvT2psU1dDMUZaRXRLZFVnNU1IcERXRFJFUlhobk5WRRAB	Secara mobil ok tidak ada masalah ,  saya pengguna ev vf3 mobil enak nyaman kekedapan ok, tenaga ok , pokonya enak buat dalam kota buat di pakai sehari hari sangat nyaman , cmn saya kecewa dengan pelayanan vinfast bkr , …	2026-08-19 15:33:36	2	Negatif	True	Pelayanan & Sales	Keramahan & Respon Staf	Meskipun puas dengan kualitas mobil VF3, konsumen sangat kecewa dengan pelayanan staf VinFast BKR.	Negative
ChdDSUhNMG9nS0VQT1U0ZnUzNEp1RjNBRRAB	"Mobil listrik mantap
Semoga harganya semakin terjangkau krn sy pengen banget punya mobil listrik"	2026-08-19 15:33:36	4	Positif	True	Harga & Bisnis Perusahaan	Harga Mobil & Promo	Konsumen menyukai mobil listrik dan berharap harganya semakin terjangkau.	Positive
Ci9DQUlRQUNvZENodHljRjlvT214a1MxQTVVWEJLT0cwMldHUkRPVkZ6UjJNNFVrRRAB	Pelayanan ramah good choice untuk pembelian mobil ev keren.	2026-08-19 15:33:36	5	Sangat Positif	True	Pelayanan & Sales	Keramahan & Respon Staf	Ulasan positif mengenai pelayanan ramah dan rekomendasi pembelian mobil EV.	Positive
Ci9DQUlRQUNvZENodHljRjlvT2xkWGVqbHZXWFIyZFVGVGVIRldSSE5HTFd3emRYYxAB	Terimakasih vinfast BKR untuk pelayanannya.. Semoga semakin sukses amin ya robb...	2026-08-19 15:33:36	5	Sangat Positif	True	Pelayanan & Sales	Keramahan & Respon Staf	Ucapan terima kasih dan doa sukses atas pelayanan baik dari VinFast BKR.	Positive
ChdDSUhNMG9nS0VJQ0FnTUNJckozSDZBRRAB	Vf 3 brp OTR nya min?	2026-08-19 15:33:36	3	Netral	True	Harga & Bisnis Perusahaan	Harga Mobil & Promo	Pertanyaan informasi mengenai harga OTR untuk unit VF 3.	Positive
Ci9DQUlRQUNvZENodHljRjlvT21aWlJIcE9SMnBUWlRjM2R6ZGlTSHBXZUdKdFdrRRAB	Good....service komplit	2026-08-19 15:33:36	4	Positif	True	Purna Jual & Fasilitas	Servis & Sparepart	Pujian terhadap kelengkapan dan kualitas servis purna jual.	Positive
Ci9DQUlRQUNvZENodHljRjlvT2pZNFkyaEJlSGRJZWxoSVh5MUtWbmQyYW5GUFgyYxAB	Terlalu banyak janji manis dan akhirnya kami tergoda untuk memberikan uang booking spk. Begitu cepat kami memberikan uang 1 juta, tetapi begitu lama pengembaliannya melebihi 14 hari dan sampai saat ini saya belum dapat kabar lagi.	2026-08-19 15:33:36	1	Sangat Negatif	True	Pelayanan & Sales	Proses Pembelian & Dokumen	Kecewa berat akibat janji manis sales dan pengembalian uang booking SPK yang terhambat melebihi 14 hari.	Negative
Ci9DQUlRQUNvZENodHljRjlvT205b05XVjJNMmRrTlc5b2FGSnpielZTWnpCaFVGRRAB	Pelayanan yang bagus!	2026-08-19 15:33:36	4	Positif	True	Pelayanan & Sales	Keramahan & Respon Staf	Pujian singkat terhadap pelayanan yang bagus.	Positive
ChZDSUhNMG9nS0VJQ0FnTURRazR6aERBEAE	Oke	2026-08-19 15:33:36	3	Netral	True	Pelayanan & Sales	Keramahan & Respon Staf	Respon singkat berupa konfirmasi netral.	Positive
Ci9DQUlRQUNvZENodHljRjlvT2tkTkxXdzVZemxrVW1rNFpEaFdNa055ZEVSUmVXYxAB	Selamat siang, mau bertanya kalau untuk subsidi ada nggak ya min? Terimakasih	2026-08-19 15:34:09	3	Netral	True	Harga & Bisnis Perusahaan	Harga Mobil & Promo	Pengguna menanyakan ketersediaan subsidi untuk pembelian mobil.	Positive
Ci9DQUlRQUNvZENodHljRjlvT25kMWFFMTBiMTlQYjBsblZqY3hVWE0wY0ZBME9XYxAB	Terima kasih atas pelayanan yang baik nya	2026-08-19 15:34:09	5	Sangat Positif	True	Pelayanan & Sales	Keramahan & Respon Staf	Pengguna mengucapkan terima kasih atas pelayanan yang baik.	Positive
Ci9DQUlRQUNvZENodHljRjlvT2t4R1JWZFRVVlYyTlVwSVNYUktaVmRVYkdnellsRRAB	VinFast Laswi bandung tempat penjualan mobil listrik yang memiliki kelebihan di banding dengan mobil listrik yang lain. Tertarik dan ingin tes Drive , gass ke Laswi di dealer resmi nya.	2026-08-19 15:34:09	5	Sangat Positif	True	Pelayanan & Sales	Layanan Test Drive	Pengguna mengapresiasi kelebihan VinFast dan tertarik melakukan tes drive di dealer.	Positive
Ci9DQUlRQUNvZENodHljRjlvT25ob00zZEVXVmMyZVd0M1dqVk1kVTFZVHpJeVFrRRAB	"Dealer nya luas, Nyaman, pelayanan baik dan Salesnya ramah, fasilitas lengkap Sales, Service, Sparepart. Vinfast Laswi Bandung ""The Best""👍 …"	2026-08-19 15:34:09	5	Sangat Positif	True	Purna Jual & Fasilitas	Kebersihan & Kenyamanan Showroom	Pengguna memuji fasilitas dealer yang luas, nyaman, lengkap, serta sales yang ramah.	Positive
Ci9DQUlRQUNvZENodHljRjlvT25KSk1WUmxMVjlsVW1welZsZE1UbWc1T0dOMlpIYxAB	Delaernya besar, sales nya baik baik, pelayanan nya bagus banget, test drive gratis , di jemput kerumah pula pokonya the best !! Sukses terus buat vinfast	2026-08-19 15:34:09	5	Sangat Positif	True	Pelayanan & Sales	Layanan Test Drive	Pengguna sangat puas dengan pelayanan sales, kebesaran dealer, dan fasilitas test drive gratis jemput ke rumah.	Positive
Ci9DQUlRQUNvZENodHljRjlvT2trelJqWlFWbmhMZVhVMVNsSmxjWEJyZFdoSVJXYxAB	"Pelayanannya cepat dan ramah.
Pokonya mantul"	2026-08-19 15:34:09	5	Sangat Positif	True	Pelayanan & Sales	Keramahan & Respon Staf	Pengguna memuji pelayanan dealer yang cepat dan ramah.	Positive
Ci9DQUlRQUNvZENodHljRjlvT2s1S1gyRnNUak5HZEUxaFFqUjBORkU1YWtsbVdsRRAB	Pelayanannya bagus... sales nya juga ramah.. sangat rekomen bgt buat yg cari vinfast di bdg..	2026-08-19 15:34:09	5	Sangat Positif	True	Pelayanan & Sales	Keramahan & Respon Staf	Pengguna merekomendasikan dealer VinFast Bandung karena pelayanan dan sales yang ramah.	Positive
Ci9DQUlRQUNvZENodHljRjlvT20xSGMxaGhUVjh5UVZCeGJYUTJkbVkyZGxrelZWRRAB	Ada nomer sales yang bisa saya hubungi?	2026-08-19 15:34:09	3	Netral	True	Pelayanan & Sales	Keramahan & Respon Staf	Pengguna menanyakan nomor kontak sales yang dapat dihubungi.	Positive
Ci9DQUlRQUNvZENodHljRjlvT21kQk9FZ3dPSGxhWDIxbU4wdG5hMFUzTjFaaVNVRRAB	dealer vinfast terbaik di laswi,salesnya ramah ramah sampe dengan after salesnya juga	2026-08-19 15:34:09	5	Sangat Positif	True	Pelayanan & Sales	Keramahan & Respon Staf	Pengguna memuji sales dan layanan purna jual dealer VinFast Laswi.	Positive
Ci9DQUlRQUNvZENodHljRjlvT2xwMGRFRTRkbWxXV1RNeU9FOWxZemhYYURRNGNYYxAB	pelayanannya sangat baikk	2026-08-19 15:34:09	5	Sangat Positif	True	Pelayanan & Sales	Keramahan & Respon Staf	Pengguna memuji pelayanan yang sangat baik.	Positive
Ci9DQUlRQUNvZENodHljRjlvT2xSME4yMUliV05TV2pJeGMxUnBVM1JaYTNGaVlsRRAB	Kelebihannya banyak, investasi... klo bosen bisa d jual ke dealernya dgn harga tinggi	2026-08-19 15:34:09	4	Positif	True	Harga & Bisnis Perusahaan	Harga Mobil & Promo	Pengguna menganggap produk VinFast memiliki nilai investasi dan harga jual kembali yang baik.	Positive
Ci9DQUlRQUNvZENodHljRjlvT2xGeVVXbGtOM0EzVG1SUU0ydzRlRXc0ZVRKT2JsRRAB	"Dealer nya bersih, nyaman
Pelayanannya mantap, fast respon"	2026-08-19 15:34:09	5	Sangat Positif	True	Purna Jual & Fasilitas	Kebersihan & Kenyamanan Showroom	Pengguna memuji kebersihan dan kenyamanan dealer serta respons pelayanan yang cepat.	Positive
Ci9DQUlRQUNvZENodHljRjlvT210UU1FNW1Samh5TldGU1RHeE9MV1J5UTBzeFlWRRAB	Dealler nya besar,sales nya ramah ramah mobil listrik kekinian bgt model nya keren	2026-08-19 15:34:09	5	Sangat Positif	True	Kualitas Produk & Performa	Desain & Fitur Mobil	Pengguna memuji ukuran dealer, keramahan sales, dan desain model mobil listrik yang keren.	Positive
Ci9DQUlRQUNvZENodHljRjlvT25jNVV6WnZXRWREVVRGaFVWOWtWa05pTWxaa09WRRAB	Selamat Atas dibuka cabang Baru Vinfast Bandung Sukses selalu	2026-08-19 15:34:09	5	Sangat Positif	True	Harga & Bisnis Perusahaan	Perizinan & Keberadaan Pabrik/Perusahaan	Pengguna memberikan ucapan selamat atas pembukaan cabang baru VinFast di Bandung.	Positive
Ci9DQUlRQUNvZENodHljRjlvT2xCMmRHZGZTamhxVm5wWlNHNHpZMFJRZW1GNlZtYxAB	Dealer baru, brand baru BM dan salesnya ramah ramah	2026-08-19 15:34:09	4	Positif	True	Pelayanan & Sales	Keramahan & Respon Staf	Pengguna menilai positif dealer baru, merek baru, serta staf BM dan sales yang ramah.	Positive
Ci9DQUlRQUNvZENodHljRjlvT21wbWRtTktRVWRVZG5keFVESXRZbk5aT0hOcVVVRRAB	Pelayanannya ok banget	2026-08-19 15:34:09	4	Positif	True	Pelayanan & Sales	Keramahan & Respon Staf	Pengguna merasa pelayanan yang diberikan sangat oke.	Positive
Ci9DQUlRQUNvZENodHljRjlvT2pVNFFVaExMV2hGWm5SV2R5MUlUQzA0YW1OelRrRRAB	rekomended..sukses terus yah...	2026-08-19 15:34:09	5	Sangat Positif	True	Pelayanan & Sales	Keramahan & Respon Staf	Pengguna memberikan rekomendasi dan doa kesuksesan.	Positive
Ci9DQUlRQUNvZENodHljRjlvT2pWUldHbHdSRU5tYkZkWFVsQkJXbWRCT1VoVVVXYxAB	Mntap	2026-08-19 15:34:09	4	Positif	True	Pelayanan & Sales	Keramahan & Respon Staf	Pengguna memberikan pujian singkat mantap.	Positive
Ci9DQUlRQUNvZENodHljRjlvT25GVVpGWTVSSEY2WkU5WWQwOHllR2N3ZG1Wb05IYxAB	Dealer yg Helpfull & Solutif .... mantap	2026-08-19 15:34:09	5	Sangat Positif	True	Pelayanan & Sales	Keramahan & Respon Staf	Pengguna memuji dealer yang sangat membantu dan memberikan solusi.	Positive
Ci9DQUlRQUNvZENodHljRjlvT2xGdVJqTkNha0l6UlROeVoyUnNMVVpPVmt0blRHYxAB	Vinfast mobil listrik Made in Vietnam sangat recommended apalagi dgn adanya sewa Batre, mobil ekonomis terbaik untuk keluarga Indonesia	2026-08-19 15:34:09	5	Sangat Positif	True	Kualitas Produk & Performa	Kualitas Baterai & Performa	Pengguna merekomendasikan mobil listrik VinFast serta memuji skema sewa baterai yang ekonomis.	Positive
Ci9DQUlRQUNvZENodHljRjlvT2xsc2FETnpSbmhFVERGclNIUTJja2R0UkZadlpHYxAB	Ramah ramah salesnya sama baik juga oke pokoknya👍 …	2026-08-19 15:36:51	5	Sangat Positif	True	Pelayanan & Sales	Keramahan & Respon Staf	Mengapresiasi keramahan sales.	Positive
Ci9DQUlRQUNvZENodHljRjlvT25aR2RFSTRZbGhFVkdOWmFsWXlWM05UUkROeFEzYxAB	pelayanan nya ramah banget!!! gakapok dehh beli di sinii	2026-08-19 15:36:51	5	Sangat Positif	True	Pelayanan & Sales	Keramahan & Respon Staf	Pelayanan sangat ramah dan memuaskan konsumen.	Positive
Ci9DQUlRQUNvZENodHljRjlvT25kWVlVbGhXREZOTm1scFFVbGFka1V4VG1sVmNWRRAB	warna unit nya keren2	2026-08-19 15:36:51	4	Positif	True	Kualitas Produk & Performa	Desain & Fitur Mobil	Memuji tampilan warna unit yang keren.	Positive
Ci9DQUlRQUNvZENodHljRjlvT2xwb2JsRXRjVGxzVlRSb2VUZzVWeTFtVUcxTVpsRRAB	Promo mobil listrik akhir tahun 2025	2026-08-19 15:36:51	3	Netral	True	Harga & Bisnis Perusahaan	Harga Mobil & Promo	Informasi atau pernyataan mengenai promo mobil listrik.	Positive
Ci9DQUlRQUNvZENodHljRjlvT2pKc1QzaGxRemhmTWxwdFZFOUtPRlJzY2kwNFVHYxAB	Pelayannya mantep grecep	2026-08-19 15:36:51	5	Sangat Positif	True	Pelayanan & Sales	Keramahan & Respon Staf	Pujian atas pelayanan staf yang cekatan dan baik.	Positive
Ci9DQUlRQUNvZENodHljRjlvT21KNk1uYzJaR1J5ZHpCelh6ZEpTRGd5VmtWSVkwRRAB	Sales berpengalaman	2026-08-19 15:36:51	4	Positif	True	Pelayanan & Sales	Pengetahuan Produk (Sales)	Menilai sales memiliki pengalaman yang baik.	Positive
Ci9DQUlRQUNvZENodHljRjlvT2tGaVVqZFlja0ZDTWt4R2VXZHBVRXRqTmtsb1QzYxAB	Saya membeli mobil listrik VF7 saya dari VinFast dan benar-benar terkesan dengan pengalamannya. Tim mereka menawarkan saya penawaran terbaik yang bisa saya temukan, dengan harga yang transparan dan layanan pelanggan yang sangat baik …	2026-08-19 15:36:51	5	Sangat Positif	True	Pelayanan & Sales	Proses Pembelian & Dokumen	Pengalaman pembelian mobil VF7 yang sangat memuaskan dari segi harga dan layanan.	Positive
ChdDSUhNMG9nS0VJQ0FnTURveEoyVTJ3RRAB	Dealer Geely	2026-08-19 15:36:51	0	Tidak Relevan	False	Non-Konteks & Spam	Komentar Acak / Spam	Menyebutkan merek dealer lain yang out of context.	Irrelevant
Ci9DQUlRQUNvZENodHljRjlvT25wWmJrMDNiMlJ2U0RWamVWRm1hM0JwVHpSVVMwRRAB	Sdh hampir 3 bulan beli mobil disini, sampai sekarang STNK nya ga jelas jadi nya kapan..	2026-08-19 15:36:51	1	Sangat Negatif	True	Pelayanan & Sales	Proses Pembelian & Dokumen	Keluhan mengenai kelanjutan STNK yang belum selesai setelah 3 bulan.	Negative
ChZDSUhNMG9nS0VJQ0FnSURiNU1mOGFBEAE	Menarik sekali EV SUV ini ada system battery berlangganan jd gak usah kuatir soal battery dan fitur nya jg sudah lengkap, untuk charging jg sudah CCS 2 dan dapet free portable charger + wall charger	2026-08-19 15:36:51	5	Sangat Positif	True	Kualitas Produk & Performa	Kualitas Baterai & Performa	Sangat tertarik dan puas dengan sistem baterai, pengisian daya, dan fitur mobil.	Positive
Ci9DQUlRQUNvZENodHljRjlvT25GeWFIazJjbnB5WDJveFlqVTNhVU0wZFdVdFJtYxAB	Jualan motor listrik tdk ya	2026-08-19 15:36:51	3	Netral	True	Harga & Bisnis Perusahaan	Perizinan & Keberadaan Pabrik/Perusahaan	Pertanyaan mengenai ketersediaan produk motor listrik.	Positive
Ci9DQUlRQUNvZENodHljRjlvT21vdGFGVmFZVVZvTkd0TFlWZzNSekl5VURoTFRVRRAB	Sudah ganti jadi dealer Jaecoo	2026-08-19 15:36:51	0	Tidak Relevan	False	Harga & Bisnis Perusahaan	Perizinan & Keberadaan Pabrik/Perusahaan	Informasi bahwa dealer sudah berganti ke merek lain.	Irrelevant
ChZDSUhNMG9nS0VJQ0FnSURQeDZlUVZREAE	Selamat VinFast jogja semakin gemilang dengan kualitas mobil listrik yang baik menurut saya🫰 …	2026-08-19 15:36:51	5	Sangat Positif	True	Kualitas Produk & Performa	Kelayakan Produk (Pabrik)	Pujian atas kualitas mobil listrik VinFast.	Positive
ChZDSUhNMG9nS0VJQ0FnSURQcDRpY1BnEAE	Tempatnya strategis, pelayanannya ramah	2026-08-19 15:36:51	4	Positif	True	Pelayanan & Sales	Keramahan & Respon Staf	Lokasi strategis dan pelayanan yang ramah.	Positive
ChdDSUhNMG9nS0VJQ0FnSURibE1EaTZBRRAB	Mantaab keren mobilnya	2026-08-19 15:36:51	5	Sangat Positif	True	Kualitas Produk & Performa	Desain & Fitur Mobil	Memuji desain dan kualitas mobil secara umum.	Positive
ChZDSUhNMG9nS0VJS24zZE9OLTVfak13EAE	pemrosesan cepat	2026-08-19 15:36:51	4	Positif	True	Pelayanan & Sales	Proses Pembelian & Dokumen	Memuji pemrosesan yang cepat.	Positive
ChdDSUhNMG9nS0VJQ0FnSUM3ak4tbWxBRRAB	Tempatnya nyaman	2026-08-19 15:36:51	4	Positif	True	Purna Jual & Fasilitas	Kebersihan & Kenyamanan Showroom	Showroom terasa nyaman.	Positive
Ci9DQUlRQUNvZENodHljRjlvT2tONFpESnFNbUUwTFdWc2VURXRYMVZzTkdwUmVsRRAB	Bagus	2026-08-19 15:36:51	4	Positif	True	Pelayanan & Sales	Keramahan & Respon Staf	Ulasan singkat bernada positif.	Positive
Ci9DQUlRQUNvZENodHljRjlvT20xbk5UVTNSalJ3YnkxVE9WVnJlRTlMT1ZOYU1rRRAB	Tempat yang bagus untuk melihat mobil.	2026-08-19 15:36:51	4	Positif	True	Purna Jual & Fasilitas	Kebersihan & Kenyamanan Showroom	Fasilitas tempat baik untuk melihat-lihat unit mobil.	Positive
Ci9DQUlRQUNvZENodHljRjlvT25GblVGcElZbHBDTFZjelRFNUxWVzlvTkhCWlZGRRAB	So far VF3 & VF6 jadi salah satu wish list favorit, model sama fiturnya bikin nyaman berkendara...very nice! …	2026-08-19 15:36:51	5	Sangat Positif	True	Kualitas Produk & Performa	Desain & Fitur Mobil	Menyukai model dan fitur VF3 serta VF6 yang nyaman berkendara.	Positive
Ci9DQUlRQUNvZENodHljRjlvT2twWGRFMU1OWGxTTFdScE56Tm1abk5zVm5KbU9FRRAB	Charging Vgreen buka 24jam diradio dalam tempatnya nyaman dan bersih	2026-08-19 15:38:09	5	Sangat Positif	True	Purna Jual & Fasilitas	Kebersihan & Kenyamanan Showroom	Ulasan sangat positif mengenai tempat pengisian daya Vgreen di Radio Dalam yang nyaman, bersih, dan beroperasi 24 jam.	Positive
Ci9DQUlRQUNvZENodHljRjlvT25wbk9UZFJlVmRWYTFZd2MzRnJaVTFwY21oUFRFRRAB	"SAYA TINGGAL DI PONDOK INDAH , DAN
SAYA MENAYAKAN PERIHAL UPDATE SOFTWARE, DAN PIHAK DEALER RADIO DALAM MEMINTA SAYA DATANG KE DEPOK DAN ITU SANGAT JAUH SEKALI DAN TIDAK EFISIEN , SAYA SANGAT …"	2026-08-19 15:38:09	1	Sangat Negatif	True	Purna Jual & Fasilitas	Servis & Sparepart	Keluhan dari pelanggan terkait ketidakpraktisan purna jual, di mana pelanggan diminta ke dealer Depok yang jauh hanya untuk pembaruan perangkat lunak.	Negative
ChdDSUhNMG9nS0VJQ0FnTUNnaExQVXBnRRAB	Saya salah satu customer yang ambil unit Vinfast VF5 di dealer Radio Dalam ini, sangat rekomendasi sekali jika Anda calon customer akan  ambil unit Vinfast disini, saya sangat puas dari awal Januari sampai handover sangat dibantu sekali dg …	2026-08-19 15:38:09	5	Sangat Positif	True	Pelayanan & Sales	Proses Pembelian & Dokumen	Pelanggan merasa sangat puas dengan seluruh proses pembelian dan serah terima unit VF5 di dealer Radio Dalam.	Positive
Ci9DQUlRQUNvZENodHljRjlvT2xsWmMyVmxjVVp1TmpoS1QwMUJZMnBPVmxKQk1VRRAB	"Mau ngecas sudah terpasang minta dicabut oleh security
Dan kalau mau ngecas suruh bayar parkir 5000"	2026-08-19 15:38:09	1	Sangat Negatif	True	Purna Jual & Fasilitas	Klaim Garansi & Stasiun Cas (Charging)	Pengalaman negatif saat hendak mengisi daya, diminta melepas oleh sekuriti dan dikenakan biaya parkir.	Negative
Ci9DQUlRQUNvZENodHljRjlvT2pka2FHOUVhemxLY25oblJFWmFTMlV4TldKNFMxRRAB	Sudah beli gratis chager tapi gak bisa di gunakan, ini mau sampai kapan sudah seminggu gak bisa, alasan lg mainten ini merugikan costumer bgt	2026-08-19 15:38:09	1	Sangat Negatif	True	Purna Jual & Fasilitas	Klaim Garansi & Stasiun Cas (Charging)	Kekecewaan mendalam karena pengisi daya gratis tidak dapat digunakan selama seminggu dengan alasan pemeliharaan.	Negative
Ci9DQUlRQUNvZENodHljRjlvT25KTmFreEhiVUpCWW1aVlVHRlNaalJZYmw5cFZFRRAB	Sudah naksir model vf3 dari beberapa lalu, kebetulan ke dealer dekat rumah ,dilayani mbak veti..penjelasannya detail,dan apa adanya..akhir baru berani spk , lusa kemarin unit sudah sampai digarasi, makasih mbak vethi yg sudah sabar melayani …	2026-08-19 15:38:09	5	Sangat Positif	True	Pelayanan & Sales	Keramahan & Respon Staf	Pujian terhadap Mbak Veti yang memberikan penjelasan detail dan jujur hingga unit mobil berhasil dikirim dengan cepat.	Positive
ChdDSUhNMG9nS0VJQ0FnTUNncW9iT2h3RRAB	Saya ambil mobilnya karena bagus designnya dan ternyata kualitasnya tidak kalah dengan brand² yang lebih dulu ada serta harga yang sangat ekonomis. Dan ternyata dapat bonus dengan pelayanan salesnya, saya dilayani pak Dhana yang sangat …	2026-08-19 15:38:09	5	Sangat Positif	True	Kualitas Produk & Performa	Desain & Fitur Mobil	Pelanggan menyukai desain, kualitas, harga ekonomis, serta layanan profesional dari Pak Dhana.	Positive
Ci9DQUlRQUNvZENodHljRjlvT2xWYVYwSlBaakZWWVhOTU9VRTFXREJpZFV4NmRtYxAB	Pelayanan terjelek sekelas showroom mobil	2026-08-19 15:38:09	1	Sangat Negatif	True	Pelayanan & Sales	Keramahan & Respon Staf	Ulasan negatif yang menilai pelayanan di showroom ini merupakan yang terburuk.	Negative
ChZDSUhNMG9nS0VJQ0FnSUN2NWJYdGR3EAE	Mobil Listrik paling terjangkau, Value for Money banget	2026-08-19 15:38:09	5	Sangat Positif	True	Harga & Bisnis Perusahaan	Harga Mobil & Promo	Ulasan positif yang menilai produk mobil listrik sangat terjangkau dan memiliki value for money yang baik.	Positive
ChdDSUhNMG9nS0VJQ0FnSURmcWN5bDVRRRAB	Sudah membeli dan dilayani dengan sangat baik oleh Mas Dhana, kualitas mobil sangat bagus, dan pelayanan mas Dhana sangat profesional...terimakasih, semoga awet dan sukses	2026-08-19 15:38:09	5	Sangat Positif	True	Pelayanan & Sales	Keramahan & Respon Staf	Apresiasi terhadap kualitas mobil yang baik serta pelayanan profesional dari Mas Dhana.	Positive
ChdDSUhNMG9nS0VJQ0FnSURmcWJQQzhnRRAB	Tidak menyangka mobil vietnam sebagus dan sebaik ini, waktu itu beli dan dijelaskan dengan sangat baik oleh mas Dhana, terimakasih	2026-08-19 15:38:09	5	Sangat Positif	True	Kualitas Produk & Performa	Kelayakan Produk (Pabrik)	Pelanggan sangat puas dengan kualitas mobil buatan Vietnam dan penjelasan sales Mas Dhana.	Positive
Ci9DQUlRQUNvZENodHljRjlvT2psTWVXczBRbFZqYlVadlIzbEVNRlpUUm5Wbk5sRRAB	"Terima Mba Vethi mobil sudah saya terima 19/6/25.
Sukses selalu Vinfast Radal."	2026-08-19 15:38:09	4	Positif	True	Pelayanan & Sales	Proses Pembelian & Dokumen	Ucapan terima kasih kepada Mbak Vethi dan VinFast Radio Dalam atas penerimaan unit mobil.	Positive
ChdDSUhNMG9nS0VPcXp6YWZ5M2FmYTRnRRAB	Pelayanan responsif, ramah dan pengiriman unit lebih cepat dari estimasi.... mantappp	2026-08-19 15:38:09	5	Sangat Positif	True	Pelayanan & Sales	Keramahan & Respon Staf	Pujian atas pelayanan yang ramah, responsif, serta proses pengiriman yang lebih cepat dari estimasi.	Positive
ChZDSUhNMG9nS0VJQ0FnSURmcVlHR0h3EAE	Terimakasih pelayanan dan mobil sangat baik, terutama untuk Pak Dhana, tidak menyesal pakai mobil vinfast dan dilayani oleh Pak Dhana	2026-08-19 15:38:09	5	Sangat Positif	True	Pelayanan & Sales	Keramahan & Respon Staf	Puasa dengan kualitas mobil dan pelayanan Pak Dhana sehingga tidak menyesal membeli unit VinFast.	Positive
ChdDSUhNMG9nS0VJQ0FnTUR3NHA2Mjh3RRAB	Charging station nya cuma 1 dan belum berfungsi	2026-08-19 15:38:09	1	Sangat Negatif	True	Purna Jual & Fasilitas	Klaim Garansi & Stasiun Cas (Charging)	Keluhan tentang keterbatasan fasilitas charging station yang hanya satu dan belum bisa digunakan.	Negative
ChZDSUhNMG9nS0VJQ0FnSURmcWZHX01REAE	Layanan mas dhana okee, semoga vinfast radal dan mas dhana banyak jualannya	2026-08-19 15:38:09	4	Positif	True	Pelayanan & Sales	Keramahan & Respon Staf	Ulasan positif mengenai layanan Mas Dhana beserta harapan kesuksesan penjualan untuk dealer.	Positive
ChZDSUhNMG9nS0VJQ0FnTURBdWJDd0Z3EAE	Dealernya bagus, bersih, sales nya juga ramah	2026-08-19 15:38:09	5	Sangat Positif	True	Purna Jual & Fasilitas	Kebersihan & Kenyamanan Showroom	Pujian pada kondisi dealer yang bagus dan bersih serta staf sales yang ramah.	Positive
Ci9DQUlRQUNvZENodHljRjlvT21ZNU5HTmhhMWhMZDNsU2FFRllWalE1YUhSM1lWRRAB	Pelayanan buruk	2026-08-19 15:38:09	1	Sangat Negatif	True	Pelayanan & Sales	Keramahan & Respon Staf	Keluhan singkat yang menilai pelayanan sangat buruk.	Negative
ChZDSUhNMG9nS0VJQ0FnSUNfdW9EM0VnEAE	Saya yakin vinfast bisa bersaing dengan brand lain nya.gass PoooooL	2026-08-19 15:38:09	4	Positif	True	Harga & Bisnis Perusahaan	Perizinan & Keberadaan Pabrik/Perusahaan	Dukungan dan optimisme terhadap kemampuan merek VinFast untuk bersaing di pasar.	Positive
ChdDSUhNMG9nS0VOeTdvLWVKaGN2S3dBRRAB	hati hati aja, dipikir2 lagi	2026-08-19 15:38:09	2	Negatif	True	Pelayanan & Sales	Proses Pembelian & Dokumen	Peringatan bernada negatif yang menyarankan calon konsumen untuk berhati-hati dan mempertimbangkan kembali sebelum membeli.	Negative
Ci9DQUlRQUNvZENodHljRjlvT2xCdlZEbHBOR0U0Y2xwMGNrRnFXRVJ3VjNkcU5IYxAB	sales nya ramah dan pelayanan luar biasa	2026-08-19 15:39:24	5	Sangat Positif	True	Pelayanan & Sales	Keramahan & Respon Staf	Ulasan memuji keramahan sales dan pelayanan yang luar biasa.	Positive
Ci9DQUlRQUNvZENodHljRjlvT2kxTVMwcGlPV280YVVwNlJXdEdRa2N6TUdSVmJXYxAB	Pelayanan bagus! Mobilnya sangat bagus.	2026-08-19 15:39:24	5	Sangat Positif	True	Pelayanan & Sales	Keramahan & Respon Staf	Memuji pelayanan dan kualitas mobil yang sangat bagus.	Positive
ChdDSUhNMG9nS0VJQ0FnSURmbTdybXh3RRAB	pelayanan yang baik	2026-08-19 15:39:24	4	Positif	True	Pelayanan & Sales	Keramahan & Respon Staf	Menyebutkan pelayanan yang baik.	Positive
ChZDSUhNMG9nS0VJQ0FnSURmbTZyNU9BEAE	pelayanan yang baik	2026-08-19 15:39:24	4	Positif	True	Pelayanan & Sales	Keramahan & Respon Staf	Menyebutkan pelayanan yang baik.	Positive
Ci9DQUlRQUNvZENodHljRjlvT25sZlJqSlJSblZ0ZWw4NE9HUnhURnBwYkRKYVZrRRAB	Warna” mobilnya lucuu, terus sales nya juga pada ramah. Pokonya pelayanan besttt	2026-08-19 15:39:24	5	Sangat Positif	True	Pelayanan & Sales	Keramahan & Respon Staf	Menyukai warna mobil, keramahan sales, dan pelayanan terbaik.	Positive
Ci9DQUlRQUNvZENodHljRjlvT25oS1ZuWnNjVFpsZFZGR1NEa3plbkpqV1UxVlNtYxAB	Pelananya sangat baik.	2026-08-19 15:39:24	4	Positif	True	Pelayanan & Sales	Keramahan & Respon Staf	Memuji pelayanan yang sangat baik.	Positive
Ci9DQUlRQUNvZENodHljRjlvT2s5RFIwbDNjVE13WlVSd1pVWXRlSE5wUW1vd1ltYxAB	Pokoknya pelayanan terbaikk	2026-08-19 15:39:24	5	Sangat Positif	True	Pelayanan & Sales	Keramahan & Respon Staf	Menyebutkan pelayanan terbaik.	Positive
Ci9DQUlRQUNvZENodHljRjlvT2xKSmNVMW1jR1J0ZURsemNqYzRXVmsyZUZFNFpVRRAB	Showroom bersih & sales-nya ramah-ramah..	2026-08-19 15:39:24	5	Sangat Positif	True	Purna Jual & Fasilitas	Kebersihan & Kenyamanan Showroom	Showroom bersih dan sales ramah.	Positive
Ci9DQUlRQUNvZENodHljRjlvT2s1eVVHeFpkakJoZFhKdFoyRlBjbWxKTTJwalFsRRAB	Sales nya gk jelas .hilang tiba2 ..anehh!!!	2026-08-19 15:39:24	1	Sangat Negatif	True	Pelayanan & Sales	Keramahan & Respon Staf	Mengeluhkan sales yang tidak jelas dan hilang tiba-tiba.	Negative
Ci9DQUlRQUNvZENodHljRjlvT2pWcFpqQlBiblphYldwZkxXMTZlVE5PTmpSTlpIYxAB	Tamu datang ...tidak ada staff yang keluar. Staff hanya duduk2 ketawa2 di dalam ruangan yang pintu nya terbuka. Dan kita SDH say hallo. Tapi Tidak ada yg keluar. Staf2 yang payah	2026-08-19 15:39:24	1	Sangat Negatif	True	Pelayanan & Sales	Keramahan & Respon Staf	Mengeluhkan staf yang tidak mau melayani dan hanya duduk-duduk.	Negative
Ci9DQUlRQUNvZENodHljRjlvT21neVpHeENSSFpvWkd3MVJTMXNZa1JxTTA1Q2QxRRAB	Showroom nya besar, bersih, sales-nya ramah, mobil display nya banyak, harga mobil nya murah dan terjangkau, top besstt	2026-08-19 15:39:24	5	Sangat Positif	True	Purna Jual & Fasilitas	Kebersihan & Kenyamanan Showroom	Memuji showroom yang besar dan bersih, sales ramah, serta harga terjangkau.	Positive
Ci9DQUlRQUNvZENodHljRjlvT2tkSk1IcG9aM1pzVjNVMVNrcEVPRTVpZDBsZlpHYxAB	Tempat nya Bagus, Salesnya sangat aktif komunikasi nya 👍 …	2026-08-19 15:39:24	5	Sangat Positif	True	Pelayanan & Sales	Keramahan & Respon Staf	Memuji tempat yang bagus dan sales yang sangat aktif berkomunikasi.	Positive
Ci9DQUlRQUNvZENodHljRjlvT2tGQ1RIVTNORWQ1VUUxTk1qSjFhMHhyUVZJM1dFRRAB	Staff nya kurang peduli, tidak melayani konsumen yg datang utk tanya2	2026-08-19 15:39:24	1	Sangat Negatif	True	Pelayanan & Sales	Keramahan & Respon Staf	Staf tidak peduli dan tidak melayani konsumen yang datang.	Negative
Ci9DQUlRQUNvZENodHljRjlvT2tNNWNXUkJUMGxuUTNKV00yRlliRFphWkZNd1RuYxAB	menjanjikan buyback bisa jangka waktu tahunan, tapi baru 6 bulan saja sudah belibet. sampai harus menyuruh grid oto mengedit artikelnya. tadinya tertarik lihat harga dan model, tetapi lihat kasus dengan pak dewo kayaknya gak deg.. dari …	2026-08-19 15:39:24	1	Sangat Negatif	True	Pelayanan & Sales	Proses Pembelian & Dokumen	Kecewa dengan jaminan buyback yang berbelit-belit dan penanganan kasus pelanggan.	Negative
Ci9DQUlRQUNvZENodHljRjlvT2kxbVgwUkpSVEEzWlVOVFRtbEpaVTlCUjBSRFZFRRAB	Sudah Cukup untuk beli mobil listrik VINFAST vf 3 di Bengkel ini. Masak Pengecekan harus bayar 250.000 per jam. NOT MAKE SENSE BRO !	2026-08-19 15:39:24	1	Sangat Negatif	True	Purna Jual & Fasilitas	Servis & Sparepart	Kecewa dengan biaya pengecekan di bengkel yang dinilai tidak masuk akal.	Negative
Ci9DQUlRQUNvZENodHljRjlvT2tOaldFUkJabXRwZVRKNU4wVlZiMmhXYldaeFFsRRAB	Mustahil kita manusia yang diciptakan Tuhan bisa sempurna. Semoga kesalahan & kekurangan di masa lalu jadi pembelajaran utk pihak terkait bisa lebih baik di masa depan 🙏 …	2026-08-19 15:39:24	3	Netral	True	Harga & Bisnis Perusahaan	Perizinan & Keberadaan Pabrik/Perusahaan	Memberikan masukan dan harapan perbaikan tanpa emosi berlebihan.	Positive
Ci9DQUlRQUNvZENodHljRjlvT21Gc1RXaHdlV3MyWlMxc1JuaG9PVGcyTTB4RU1IYxAB	Semoga banyak membantu banyak orang	2026-08-19 15:39:24	4	Positif	True	Harga & Bisnis Perusahaan	Perizinan & Keberadaan Pabrik/Perusahaan	Menyampaikan harapan positif agar perusahaan bermanfaat bagi banyak orang.	Positive
Ci9DQUlRQUNvZENodHljRjlvT21sb2QwMWxTRFZMVVhwc2FHOWZVR1JQYlZwSWMzYxAB	bantu selesaikan masalah vf3 pak Dewo!	2026-08-19 15:39:24	2	Negatif	True	Pelayanan & Sales	Proses Pembelian & Dokumen	Meminta bantuan penyelesaian masalah pelanggan terkait produk VF3.	Negative
Ci9DQUlRQUNvZENodHljRjlvT21kMFFtcFZTR0V5UlhoNk5YSklSM3BMTXpWTFVtYxAB	Sales dan after salesnya 👍👍👍 …	2026-08-19 15:39:24	5	Sangat Positif	True	Pelayanan & Sales	Keramahan & Respon Staf	Memuji tim sales dan layanan purna jual.	Positive
Ci9DQUlRQUNvZENodHljRjlvT2pWSmFURlhVWE5qWW5KT0xVWlZSbWt6YUhoSlFXYxAB	Tertarik sama motornya, saya bisa menghubungi siapa ya untuk info lebih detail?	2026-08-19 15:39:24	3	Netral	True	Pelayanan & Sales	Pengetahuan Produk (Sales)	Tertarik dengan produk motor dan menanyakan kontak untuk informasi lebih detail.	Positive
Ci9DQUlRQUNvZENodHljRjlvT214S2RGOVlXRkY1TURONlQwNVdSVUo1WVRneU1tYxAB	Pelayanannya sangat baik.	2026-08-19 15:43:29	5	Sangat Positif	True	Pelayanan & Sales	Keramahan & Respon Staf	Ulasan memuji pelayanan yang diberikan sangat baik.	Positive
ChdDSUhNMG9nS0VJQ0FnTURBdzRQcHdnRRAB	Hebat, Mobil Listrik Baru dengan Berbagai Model	2026-08-19 15:43:29	5	Sangat Positif	True	Kualitas Produk & Performa	Desain & Fitur Mobil	Ulasan sangat positif mengenai model-model baru mobil listrik.	Positive
Ci9DQUlRQUNvZENodHljRjlvT2s5SWVWbFRiMVZxWmtSNGVVTjRNV3N4UkhKTFJuYxAB	Pelayanan yang baik	2026-08-19 15:43:29	4	Positif	True	Pelayanan & Sales	Keramahan & Respon Staf	Ulasan positif mengenai pelayanan dealer.	Positive
Ci9DQUlRQUNvZENodHljRjlvT25GRVdEUkVhVWROWVZsb05FdHVWWFZMZDNCU1lrRRAB	Spesial.....	2026-08-19 15:43:29	3	Netral	False	Non-Konteks & Spam	Komentar Acak / Spam	Komentar acak tanpa konteks yang jelas.	Irrelevant
Ci9DQUlRQUNvZENodHljRjlvT2pWRWRsWXdXWGxPTjFkbVltVlVSRjh5VW5kVVJYYxAB	Kenapa pada judes ya karyawanya? Saya juga pengguna vinfast dan saya cuma mau charge mobil karena waktu di awal pembelian pun dijanjikan bisa gratis kalau di dealer. Tapi kenapa pas kami kesana pelayanga tidak ramah sama sekali. Untung ada security yang bantu mengaragkan dan cukup ramah	2026-08-19 15:43:29	1	Sangat Negatif	True	Pelayanan & Sales	Keramahan & Respon Staf	Pengguna mengeluhkan karyawan yang judes dan pelayanan tidak ramah saat ingin cas mobil.	Negative
Ci9DQUlRQUNvZENodHljRjlvT2t4TldUaElUR0pXWjNWVlpHaGFkVTVNVVd4NE9HYxAB	Coba dicek area tunggu servis di bengkel resmi merk lain, selain lebih baik tempat menunggunya juga tersedia minuman (kopi/teh/air mineral) dan cemilan. Diperbaiki dong.	2026-08-19 15:43:29	2	Negatif	True	Purna Jual & Fasilitas	Kebersihan & Kenyamanan Showroom	Saran dan kritik terhadap area tunggu servis yang kurang nyaman dan minim fasilitas.	Negative
Ci9DQUlRQUNvZENodHljRjlvT2xWV1ZqRnllVTlKT1ZWdE9XRnRkWFZtWHkxNlduYxAB	Lokasi strategis mudah ditemukan. Pelayanan ramah oleh sales. Bisa test drive semua tipe mobil. Hanya tempat parkir mobil tamu sangat minim berdampingan dengan mobil-mobil test drive	2026-08-19 15:43:29	4	Positif	True	Pelayanan & Sales	Layanan Test Drive	Ulasan positif mengenai lokasi, sales, dan test drive, meski ada masukan tentang parkir.	Positive
Ci9DQUlRQUNvZENodHljRjlvT2tOTmNVbHJORWRvUmxoeVlXOHpjVmRzUTFkSlQxRRAB	Sudah beli gratis chger tetapi gak bisa di gunakan sudah seminggu alasan nya lg maintenence, ini mau sampai kapan ? tolong di segerakan	2026-08-19 15:43:29	1	Sangat Negatif	True	Purna Jual & Fasilitas	Klaim Garansi & Stasiun Cas (Charging)	Kekecewaan karena stasiun pengisian daya tidak bisa digunakan selama seminggu.	Negative
Ci9DQUlRQUNvZENodHljRjlvT21GdmMzVkxlVkYzUkZSTVVEaGhVRW90YUZVM1dYYxAB	Ada SpKLu nya tidak disini?	2026-08-19 15:43:29	3	Netral	True	Purna Jual & Fasilitas	Klaim Garansi & Stasiun Cas (Charging)	Pertanyaan netral mengenai ketersediaan SPKLU.	Irrelevant
Ci9DQUlRQUNvZENodHljRjlvT2sxaVVVVlZjRWx0YW14S1NrUlZabFpEVkRWNFFrRRAB	Menarik	2026-08-19 15:43:29	4	Positif	True	Non-Konteks & Spam	Komentar Acak / Spam	Komentar singkat menunjukkan ketertarikan.	Positive
ChdDSUhNMG9nS0VJQ0FnSUNuZ3Q2ZWdBRRAB	Pelayanannya ok	2026-08-19 15:43:29	4	Positif	True	Pelayanan & Sales	Keramahan & Respon Staf	Ulasan positif bahwa pelayanan dinilai baik/ok.	Positive
ChZDSUhNMG9nS0VJQ0FnSUNiN1lERk1REAE	Dtunggu kehadiran nya d Surabaya	2026-08-19 15:43:29	4	Positif	True	Harga & Bisnis Perusahaan	Perizinan & Keberadaan Pabrik/Perusahaan	Antusiasme calon konsumen menantikan kehadiran dealer di Surabaya.	Positive
ChZDSUhNMG9nS0VJQ0FnSUNicS1hX1R3EAE	Ditunggu diskonnya	2026-08-19 15:43:29	3	Netral	True	Harga & Bisnis Perusahaan	Harga Mobil & Promo	Ungkapan menantikan promo atau diskon harga.	Irrelevant
ChdDSUhNMG9nS0VJQ0FnSUNEc0lfRzRnRRAB	Vinfast Margonda Depok👍👍👍 …	2026-08-19 15:43:29	5	Sangat Positif	True	Pelayanan & Sales	Keramahan & Respon Staf	Apresiasi sangat positif terhadap dealer Vinfast Margonda Depok.	Positive
Ci9DQUlRQUNvZENodHljRjlvT2tkd1QxQlNaV2xoVUUwdFRXUXpURFZRZWxCZlMwRRAB	ini gimana proses SPK saya, tidak ada informasi DP sudah setorkan dari 10 Juni 2026 sampai saat ini	2026-08-19 15:43:29	1	Sangat Negatif	True	Pelayanan & Sales	Proses Pembelian & Dokumen	Keluhan mengenai kejelasan proses SPK dan uang DP yang telah disetorkan.	Negative
Ci9DQUlRQUNvZENodHljRjlvT2xkRlRXc3pkWFF3VGs5cWQyMVJlRlpHWTFjemFFRRAB	Aneh liat jawaban komentar yg gak beli disini gak boleh charger.	2026-08-19 15:43:29	2	Negatif	True	Purna Jual & Fasilitas	Klaim Garansi & Stasiun Cas (Charging)	Kritik terhadap aturan penggunaan fasilitas pengisian daya di dealer.	Negative
Ci9DQUlRQUNvZENodHljRjlvT2kxWFNrSnBNRU5DVWkxQ1ozRk5WRVpLUTNRMlVrRRAB	Pelayanan pelanggan yang sangat buruk, bahkan dalam situasi darurat di mana daya mobil saya sangat rendah dan tidak ada pilihan lain, mereka tetap menolak untuk mengisi daya dengan alasan saya tidak dapat menghubungi perwakilan penjualan …	2026-08-19 15:43:29	1	Sangat Negatif	True	Pelayanan & Sales	Keramahan & Respon Staf	Pengalaman sangat buruk ditolak mengisi daya mobil dalam situasi darurat.	Negative
Ci9DQUlRQUNvZENodHljRjlvT2pScWJFVnVWWGxZWnpKaVUyOUVTM0UxTUd3eWNtYxAB	Hoax pengisian daya gratis.	2026-08-19 15:43:29	1	Sangat Negatif	True	Purna Jual & Fasilitas	Klaim Garansi & Stasiun Cas (Charging)	Tuduhan bahwa janji pengisian daya gratis adalah hoaks.	Negative
Ci9DQUlRQUNvZENodHljRjlvT25KcGVVRkRVSFZLYUVSU2N6VlBlVGxzTFhsaWVtYxAB	Ga merekomendasikan	2026-08-19 15:43:29	1	Sangat Negatif	True	Pelayanan & Sales	Keramahan & Respon Staf	Pernyataan tegas tidak merekomendasikan layanan/dealer.	Negative
ChdDSUhNMG9nS0VJQ0FnSURUNTZlMXF3RRAB	EV yang bagus	2026-08-19 15:43:29	5	Sangat Positif	True	Kualitas Produk & Performa	Desain & Fitur Mobil	Pujian langsung terhadap kualitas mobil listrik.	Positive
ChdDSUhNMG9nS0VJQ0FnTUNnaFBINDlBRRAB	Tempat yang bagus untuk mencari mobil listrik.	2026-08-19 15:44:15	4	Positif	True	Purna Jual & Fasilitas	Kebersihan & Kenyamanan Showroom	Ulasan positif mengenai tempat yang bagus untuk mencari mobil listrik.	Positive
ChZDSUhNMG9nS0VJQ0FnSUNEdDhMb09REAE	Vinfast	2026-08-19 15:44:15	0	Tidak Relevan	False	Non-Konteks & Spam	Komentar Acak / Spam	Hanya memuat teks nama merek tanpa konteks ulasan.	Irrelevant
ChdDSUhNMG9nS0VJQ0FnSUNIMi1lSzFRRRAB	Sangat bagus!	2026-08-19 15:44:15	5	Sangat Positif	True	Purna Jual & Fasilitas	Kebersihan & Kenyamanan Showroom	Ungkapan pujian secara umum yang sangat positif.	Positive
Ci9DQUlRQUNvZENodHljRjlvT2tzeE9UTmZWbGRWT0hCWFRVaFVhVXQwZVVSSFRVRRAB	Trimakasih semoga Kami dapat melayani dengan lbh baik Lagi	2026-08-19 15:44:15	3	Netral	True	Pelayanan & Sales	Keramahan & Respon Staf	Pernyataan ucapan terima kasih dan harapan pelayanan dari staf/dealer.	Positive
Ci9DQUlRQUNvZENodHljRjlvT21Nd1RWcEJXRnBUYVRSc01VZ3dPSGh3U0c1NmIyYxAB	layanan terbaik cepat dan jelas menjawab pertanyaan tentang mobil vinfast	2026-08-19 15:44:15	5	Sangat Positif	True	Pelayanan & Sales	Pengetahuan Produk (Sales)	Memuji kecepatan dan kejelasan sales dalam menjawab pertanyaan seputar mobil VinFast.	Positive
Ci9DQUlRQUNvZENodHljRjlvT204d1ZFNXJibFJaU0VaNU1tUTViWGQxVmxWc2JXYxAB	Dealer yang strategis lokasinya, utk testdrive VF3 perlu booking ?	2026-08-19 15:44:15	4	Positif	True	Pelayanan & Sales	Layanan Test Drive	Mengapresiasi lokasi strategis dan menanyakan informasi test drive.	Positive
Ci9DQUlRQUNvZENodHljRjlvT2t0NmJVdzVjbmhvVGt0RWNVZEhXbnBRUzFwb1dXYxAB	mantap...tempatnya bagus	2026-08-19 15:44:15	4	Positif	True	Purna Jual & Fasilitas	Kebersihan & Kenyamanan Showroom	Memuji tempat showroom yang mantap dan bagus.	Positive
Ci9DQUlRQUNvZENodHljRjlvT2tKamJscGxaUzF1YzBWbGEwRmFRMFpRVXpGaWRtYxAB	Rekomendasi untuk yg lagi cari mobil listrik	2026-08-19 15:44:15	4	Positif	True	Pelayanan & Sales	Proses Pembelian & Dokumen	Memberikan rekomendasi positif untuk calon pembeli mobil listrik.	Positive
Ci9DQUlRQUNvZENodHljRjlvT2pBd2ExazJaVU5xTVhNemVtbzFWRUZZYVV0QmRFRRAB	top terbaik satset🔥🔥🔥 …	2026-08-19 15:44:15	5	Sangat Positif	True	Pelayanan & Sales	Keramahan & Respon Staf	Pujian sangat positif terhadap kecepatan dan efisiensi pelayanan.	Positive
Ci9DQUlRQUNvZENodHljRjlvT210V00zTmhVVGhEWTE5eFJUZFBYM1JXZUhKa09VRRAB	Dealernya Nyaman dan bersih	2026-08-19 15:44:15	5	Sangat Positif	True	Purna Jual & Fasilitas	Kebersihan & Kenyamanan Showroom	Memuji dealer yang nyaman dan bersih.	Positive
Ci9DQUlRQUNvZENodHljRjlvT25Cbk9VcHBRV2RUYnpkb1kzbEdOakJPWWs5RlIxRRAB	pelayananya baik	2026-08-19 15:44:15	4	Positif	True	Pelayanan & Sales	Keramahan & Respon Staf	Menyatakan bahwa pelayanan yang diberikan baik.	Positive
Ci9DQUlRQUNvZENodHljRjlvT2xCMVkzbDJXRWxoV2xkUWRWazBRbnBWVEdVeGJrRRAB	dealer mobil vinfast terbaik	2026-08-19 15:44:15	5	Sangat Positif	True	Pelayanan & Sales	Keramahan & Respon Staf	Menyebut dealer VinFast sebagai dealer terbaik.	Positive
Ci9DQUlRQUNvZENodHljRjlvT2xGcldHdDRhRk55ZGxobWRURjFVak4zV21ad1MyYxAB	tempat yang nyaman dan pelayanan yang ramah	2026-08-19 15:44:15	5	Sangat Positif	True	Pelayanan & Sales	Keramahan & Respon Staf	Memuji tempat yang nyaman serta pelayanan staf yang ramah.	Positive
Ci9DQUlRQUNvZENodHljRjlvT21JdGN6QkRPV2RzUlhjd2VuQlhTRzVYY0dsVVRVRRAB	Pangisian charging nya udh bisa di harapan indah deket banget sama rumah😍😍.. tempatnya juga nyaman bis buat nunggu outdoor atau indoor gak banyak kendaraan lewat karna di lingkungan khusus showroom😍 …	2026-08-19 15:44:15	5	Sangat Positif	True	Purna Jual & Fasilitas	Klaim Garansi & Stasiun Cas (Charging)	Memuji ketersediaan stasiun charging dekat rumah serta kenyamanan fasilitas showroom.	Positive
Ci9DQUlRQUNvZENodHljRjlvT21Oc2JWVlJWM2hDYVd0VE1pMXBhalp5YzJKdFNGRRAB	Masa taksi green SM gak boleh ngecas di sana. Mobil sama...merk sama. Tolong dong klo di dunia otomotif klo mau maju jgn membedakan. Dealer lain boleh kok...	2026-08-19 15:44:15	1	Sangat Negatif	True	Purna Jual & Fasilitas	Klaim Garansi & Stasiun Cas (Charging)	Mengeluhkan larangan pengisian daya untuk taksi Green SM di fasilitas tersebut.	Negative
Ci9DQUlRQUNvZENodHljRjlvT25ndGFHUlBkM1pqUkVKUVFraFRYMmxuVUdoalRWRRAB	buat pengisian chargernya blom aktif tolong segara cepet d aktifkan dong	2026-08-19 15:44:15	2	Negatif	True	Purna Jual & Fasilitas	Klaim Garansi & Stasiun Cas (Charging)	Mengeluhkan fasilitas charger yang belum aktif dan meminta segera diaktifkan.	Negative
Ci9DQUlRQUNvZENodHljRjlvT25oNVZXOXFjVU5oYm1odFNreDRNVGN3VkU1aE0yYxAB	Salah 1 dealer vinfast terbesar di seluruh indonesia dan mempunyai beberapa jaringan dealer di daerah	2026-08-19 15:44:15	4	Positif	True	Harga & Bisnis Perusahaan	Perizinan & Keberadaan Pabrik/Perusahaan	Menyoroti skala dealer VinFast yang besar dan jaringan yang luas.	Positive
Ci9DQUlRQUNvZENodHljRjlvT25CaGRXRXljbkp0YW5Bd0xYWk1ZMUJYUW5WNlgzYxAB	Pelayanan yang memuaskan	2026-08-19 15:44:15	4	Positif	True	Pelayanan & Sales	Keramahan & Respon Staf	Menyatakan bahwa pelayanan sangat memuaskan.	Positive
